7/1/14 7:15,7/1/14 7:20,11_1,290,Subscriber,Male,1984,41.945512,-87.64598,41.94018,-87.65304,0,1,1,7/1/14 8:13,sn__Gnj}uOiB{HgDfBkEvBtBzIBvL~DGvD?vDEtDGFlWAzDpJMAuBA{BzAA|EE,sn__Gnj}uOiB{HgDfBkEvBtBzIBvL~DGvD?vDEtDGFlWAzDpJMAuBA{BzAA|EE
7/1/14 8:13,7/1/14 8:17,11_1,209,Subscriber,Male,1973,41.94018,-87.65304,41.937725,-87.644095,1,1,1,7/1/14 8:20,sn__Gnj}uOiB{HgDfBkEvBtBzIBvL~DGvD?vDEtDGFlWAzDpJMAuBA{BzAA|EE,cm~~Fru~uOt@AEqGA}GMmSGgNjBBtJO?m@
7/1/14 8:20,7/1/14 8:23,11_1,195,Subscriber,Male,1973,41.937725,-87.644095,41.94018,-87.65304,2,1,1,7/1/14 13:18,cm~~Fru~uOt@A?~BBfJHtUTll@H`NkGHyGHmMHu@@_@KgFBcC@kJLwUPwl@d@kJJkJFkJHiJHEgH?qA,i}}~Fp~|uOGmLnBEtEKbBC@`NBbQeCfByAfAkGrE}AlAqEjDwAbA@hDDpK@pBmJHCqFzGG\?
7/1/14 13:18,7/1/14 13:58,11_1,2396,Subscriber,Male,1977,41.967096,-87.667429,41.880958,-87.616743,3,1,1,7/1/14 13:59,sn__Gnj}uOiB{HgDfBkEvBtBzIBvL~DGvD?vDEtDGFlWAzDpJMAuBA{BzAA|EE,euc_GlpavO?}@`H_AfAOCaGG{QCeLI}LG{JGqV?{MA}FD]O_Cp@m@n@k@tAy@PMPYvK}ApAIhBMdI[bAGzDa@bCe@`Bc@r@Qf@Gx@a@fDcAtB_@bCS~BK`EBrBBzB?tAMv@Ql@UzC{AvC{AnQwIhFcC`IeD|Aq@hD_BzAu@|A{@pByAv@k@~AqAnBqBh@s@hDaFhEuGzAqBnAwA`Aw@hAy@bB_AfDoArB]fAM|@GtA?X?F?\?bRHtAEtAKpB]~HaBx@OlMsChO_DdDc@pCc@jDu@pD_AzAe@vCcAnBy@vBcApAg@`KeEb@SdBm@|@Uv@IpBCxB?hEKjD]|Cc@vUqDbEu@lAWz@]t@e@t@s@j@w@d@}@h@aBZ_BJeALoFH}ATy@b@m@bAs@rI}EvD_CnEiCtHsE~FkDdDsB`@Qd@Mv@KhCAhB?`EA|NMv@Az@?lA?pACjAED?n@AnBFt@Db@Ht@T\Nn@`@t@|@Xd@r@bBrAtDh@|@VX^\h@`@bAd@z@Pb@B|B@@gCK?
7/1/14 13:59,7/1/14 14:02,11_1,197,Subscriber,Male,1977,41.880958,-87.616743,41.880958,-87.616743,4,1,1,7/1/14 15:43,_{r~FbtwuOJ?AvA?n@tAA`LKH~M@lDDbR?xAwFHNpTLjWFnL|BA?lE,_{r~FbtwuO
7/1/14 15:43,7/1/14 15:48,11_1,292,Subscriber,Male,1985,41.878724,-87.634793,41.88131982,-87.62952092,5,1,1,7/1/14 17:21,sn__Gnj}uOiB{HgDfBkEvBtBzIBvL~DGvD?vDEtDGFlWAzDpJMAuBA{BzAA|EE,_mr~Fld{uO@zA_C@}FBCeHGqQCcH{@@_A@
7/1/14 17:21,7/1/14 17:37,11_1,964,Subscriber,Male,1989,41.88131982,-87.62952092,41.911722,-87.626804,6,1,1,7/1/14 17:37,sn__Gnj}uOiB{HgDfBkEvBtBzIBvL~DGvD?vDEtDGFlWAzDpJMAuBA{BzAA|EE,o}r~FvbzuO{HFy@A?{H?cBAeCAeFAaF?_@G?sA@a@F_BL@eA@_@?_ACsJ@{EJmIKsIAyLAiCCs@QGg@Qk@Mo@EyBAgB?[GGEiAHkAJu@Fa@DoCF_D@eB?uBG_@CgC@oDDsCLSB_AV_@PuBrAaC|AmDtB_MpHqRbLi@b@]f@Qb@K`@MlASvGOhAOx@g@xAc@z@[d@[\c@^o@d@y@VuFhAmVvDiEj@gBNkABqDDeAFWQQG{AWyAOw@?iARc@NIFs@dAvArAVXZ`@d@|@f@a@fBu@
7/1/14 17:37,7/1/14 17:57,11_1,1165,Subscriber,Male,1989,41.911722,-87.626804,41.935733,-87.663576,7,1,1,7/1/14 18:50,sn__Gnj}uOiB{HgDfBkEvBtBzIBvL~DGvD?vDEtDGFlWAzDpJMAuBA{BzAA|EE,s{x~FfqyuOuAj@i@^_@w@c@q@iAeAg@a@KNiAPUHyCdCwAfAc@TCHALKDcA`@mClA}Bx@QJUHeBl@cEhAcHpAwFv@{FnAsJrBs@OcB?uB@a@@_@JN~A@DVdCX`DZ|DHvBDtLNnSA`DFfMLv\BrFuAzBkG|JiGlJgDlFkGxJgHtKa@l@a@p@kBxCeNdTuBbDlAC
7/1/14 18:50,7/1/14 19:03,11_1,794,Subscriber,Female,1988,41.935733,-87.663576,41.954383,-87.648043,8,1,1,7/1/14 19:31,sn__Gnj}uOiB{HgDfBkEvBtBzIBvL~DGvD?vDEtDGFlWAzDpJMAuBA{BzAA|EE,iq}~Fzx`vOmABoHhLaBlCaElGsBxCwLNcHFwGDu@@_@KgFBcC@kJLkJHqUPKg@AcACgOCkMUmm@GyHCaNC{HGiOf@?
7/1/14 19:31,7/1/14 19:41,11_1,635,Customer,,NA,41.954383,-87.648043,41.936669,-87.636794,9,1,1,7/1/14 20:05,sn__Gnj}uOiB{HgDfBkEvBtBzIBvL~DGvD?vDEtDGFlWAzDpJMAuBA{BzAA|EE,{ea_Grv}uOg@?CyEE_I?]tAU~BOx@Gb@StA@lC@vAE~AYpAg@rMyGvN}G`H}C|DaBlAk@vEwBJNd@IfA[bA_@pBeAbB_AdAe@bB}@|@m@d@YfCkA|Bu@nA]\G
7/1/14 20:05,7/1/14 20:26,11_1,1254,Subscriber,Male,1986,41.936669,-87.636794,41.911974,-87.631942,10,1,1,7/1/14 20:35,sn__Gnj}uOiB{HgDfBkEvBtBzIBvL~DGvD?vDEtDGFlWAzDpJMAuBA{BzAA|EE,cw}~Fhq{uOVE~AGhBE`EMx@QxEgBvAh@|EdBbA\TVLJ`@YpDeCnHuEbFmChHeD^SUaDIy@UcCPEpAm@nBmAtAm@FIFSnCk@`MkCfASdDc@pCc@jDu@pD_AzAe@vCcAnBy@vBcApAg@t@?`@ExDa@bCWVJXJVPNRRh@Hr@DnASrAc@tAEJSf@aApC[`A[dBKfAE~@PdBRdAPx@ZQ`By@|BkA
7/1/14 20:35,7/1/14 20:58,11_1,1355,Subscriber,Male,1984,41.911974,-87.631942,41.954383,-87.648043,11,1,1,7/1/14 23:12,{ea_Grv}uOg@?CyEE_I?]tAU~BOx@Gb@StA@lC@vAE~AYpAg@rMyGvN}G`H}C|DaBlAk@vEwBbAi@`C}ArAcAJIx@o@lBiB~@eAdA}A|BeDfF}H`BqBlAiAh@c@lBmAl@[rCgAfCe@dCUdB?d@?L?nPHzAAdAEhC[~JuB\GzHgBnNyCzBe@hCa@zEq@zFqAhCs@jEyA`EeB|@c@x@[t@?`AK|Gs@b@PZNPPVf@Jn@Br@?x@E\S`AOb@Ob@KTk@zAs@xBa@rBE^G~@Ch@Ft@PpA\|AnGcD`B{@`@IhAErGEzGG,o|x~FrszuOgExBWJSk@K_@ESK_ACq@HkBJ{@Z{AdAwCj@{A\gATwAD_AAgAIu@_@}A_@w@c@q@g@g@a@]g@a@KNiAPUHyCdCwAfAc@TCHALKDcA`@mClA}Bx@QJUHeBl@cEhAcHpAwFv@oRbEgIhBeKrB_CV}AFcE?kMGa@?}CDsEr@}CjAkBfAeAx@uAjA}@dAkA|AsE`HeBfCiCnDeC`Ci@b@yCvBeAn@kAh@UFoD~AUJ}Ar@aMnFcHhDaD~A_HdD{DtBsB|@y@Tw@HsAByEIe@YqDg@yAK?rA?p@@~@HnPf@?
7/1/14 23:12,7/1/14 23:30,11_1,1095,Subscriber,Male,1984,41.907993,-87.631501,41.87593267,-87.63058454,12,1,1,0,0,}cx~FlpzuOj]c@d_@WpMO|CE`D@|HKdDC~QIzEGtBAN?fB@jFI`GExB?vFGbGKtEE~MM~FC
7/1/14 5:52,7/1/14 6:14,13_1,1315,Subscriber,Male,1988,41.978353,-87.659753,41.926277,-87.630834,0,1,1,7/1/14 6:14,sn__Gnj}uOiB{HgDfBkEvBtBzIBvL~DGvD?vDEtDGFlWAzDpJMAuBA{BzAA|EE,u{e_Gpa`vOtKGE{HEmOIkWJ_ALe@^}@^[jBmAxCmBz@c@`Aq@nD}@zDy@`IoA|Fw@`@G`LeBdH_A|@MhJsAzEs@nAILAnH]~CMtEe@nAUrA]rBg@f@Gx@a@fDcAz@Qx@MnAKb@EjAI|AE~EFlC@vAE~AYpAg@rMyGvN}G`H}C|DaBlAk@vEwBbAi@`C}ArAcAJIx@o@lBiB~@eAdA}A|BeDfF}H`BqBlAiAh@c@lBmAl@[rCgAfCe@dCUdB?d@?L?nPHzAAdAEhC[`B_@LJNDzCBtBGLEQ}A?CSmB
7/1/14 6:14,7/1/14 6:38,13_1,1441,Subscriber,Male,1988,41.926277,-87.630834,41.882091,-87.639833,1,1,1,7/1/14 6:46,sn__Gnj}uOiB{HgDfBkEvBtBzIBvL~DGvD?vDEtDGFlWAzDpJMAuBA{BzAA|EE,wu{~FpkzuORlB?BP|APEpAm@nBmAtAm@FIFSnCk@`MkCfASdDc@pCc@jDu@pD_AzAe@vCcAnBy@vBcApAg@`KeEb@SdBm@|@Uv@IpBCxB?hEKjD]|Cc@vUqDbEu@lAWz@]t@e@t@s@j@w@d@}@h@aBZ_BJeALoFH}ATy@b@m@bAs@rI}EvD_CnEiCtHsE~FkDdDsBb@DNAj@CfDGn@SpB?bCAtDGxEEvB@NBJPBj@Ab@H^CbCOnKMrHWvGWtD[bEO~C?dFAb@C|BB\F\V^lDvCRZZx@Jl@@j@?nBC`LDr[@|CLt@Tj@`BtC^d@\XdATHEd@@jAFbB@?H?TzFE|FEFzK@rBk@@
7/1/14 6:46,7/1/14 6:52,13_1,336,Subscriber,Male,1992,41.882091,-87.639833,41.87593267,-87.63058454,2,1,1,7/1/14 7:45,sn__Gnj}uOiB{HgDfBkEvBtBzIBvL~DGvD?vDEtDGFlWAzDpJMAuBA{BzAA|EE,cbs~Fbc|uOyENAgF?sH|LKdA??I?M?cIImQAiH~BAx@CbAAvNM~DA
7/1/14 7:45,7/1/14 7:51,13_1,337,Subscriber,Male,1988,41.87593267,-87.63058454,41.88389277,-87.62464914,3,1,1,7/1/14 8:13,sn__Gnj}uOiB{HgDfBkEvBtBzIBvL~DGvD?vDEtDGFlWAzDpJMAuBA{BzAA|EE,q{q~F~jzuOjACAiEC}KO_IAmJL}EAsC?u@GiFa@w@gFByFJuLJw@@QMS?gCCaBOgCOqB@}DFg@??P?`EBtD?dBK|@?bA?fCAb@Z?dACX?
7/1/14 8:13,7/1/14 8:18,13_1,298,Subscriber,Male,1965,41.88389277,-87.62464914,41.881469,-87.635177,4,1,1,7/1/14 15:54,e~r~Fpg{uO{A@?`HF`KN|`@@|G?j@NFPDzEG`QQ^L~BKfAGnDQrA?xBFbBDv@AjBIb@IzBS`Ea@`Iq@lAGdLo@jHOdC?fEAv@AtHIdNQtMOvCA~@FvAN|AZvDr@jHrApBLtA?fCI|Bk@z@Uj@UnEwBjBcAfAs@TS`A}@v@gA`@m@b@{@Vi@j@iBVkAX}AvBoNbAmHz@iGb@wCD]FGBC`AqD`@eA`@w@lA}Af@i@h@c@lAu@`@Sz@YnAUhAE|@Ap@NjCH^LhB?hKGA}ACwCEwNIgSCuGAwG_@?_A@,ims~FjdyuO|BCdFC~BKdBAXF`GEHpIDzHHhRBlFFbJ?bE?dB}FBaC@g@?
7/1/14 15:54,7/1/14 16:30,13_1,2172,Customer,,NA,41.838842,-87.621857,41.880958,-87.616743,5,1,1,7/1/14 16:55,sn__Gnj}uOiB{HgDfBkEvBtBzIBvL~DGvD?vDEtDGFlWAzDpJMAuBA{BzAA|EE,wsj~F|sxuO~AAEeNAqFE{CAaKC}KImLA}AIwLAcCDi@a@FkDp@]@BZU~@OTUPuBx@gBl@sDrAOH[ZwHdCgHpBkG~A}GzAgE`AeNtCaFjAyBv@g@XaCtAsCdB}At@qAd@}IjDcCbA{D|AsDvAiExAcCr@kDt@iCb@eG|@yCZ{C`@y@@[Cu@M}@Yw@_@WSoBmBKIwCmCi@a@e@SkA]uAI}GFcKDeJHmE@uAD}IFu@BoCDqHF@wAK?
7/1/14 16:55,7/1/14 17:19,13_1,1410,Customer,,NA,41.880958,-87.616743,41.891071,-87.6122,6,1,1,7/1/14 17:22,sn__Gnj}uOiB{HgDfBkEvBtBzIBvL~DGvD?vDEtDGFlWAzDpJMAuBA{BzAA|EE,_{r~FbtwuOJ?AvA{CG_@E_@KiAo@[[w@iAKYCc@CUc@cC[{A[{@[m@_@i@i@i@c@_@UMWOQWi@Gi@Is@EsADmBNuDTs@LS@SJMPWZQH]@S?uHDsDOi@AeBD?OAyCCuD
7/1/14 17:22,7/1/14 21:14,13_1,13911,Customer,,NA,41.891071,-87.6122,41.893992,-87.629318,7,1,1,7/1/14 21:51,sn__Gnj}uOiB{HgDfBkEvBtBzIBvL~DGvD?vDEtDGFlWAzDpJMAuBA{BzAA|EE,ozt~FfwvuOA_CsABqABDdD@j@@lCBhB?x@NxZ?|HLdWDnJDzHDlL_IHaDD?sA
7/1/14 21:51,7/1/14 22:04,13_1,791,Subscriber,Female,1977,41.893992,-87.629318,41.87770796,-87.63532114,8,1,1,7/1/14 22:30,sn__Gnj}uOiB{HgDfBkEvBtBzIBvL~DGvD?vDEtDGFlWAzDpJMAuBA{BzAA|EE,{lu~FfbzuOCmF~CC~AA~GG~ACCaG?GIoMCo@L?vACdB?d@DjFv@|@JC|BB\F\V^lDvCRZZx@Jl@@j@?nBC`LDr[@|CLt@Tj@`BtC^d@\XdATxBN`CAxEA~@ArKKrHCnA?lACn@E|GQt@Ep@W~AuAVMh@a@`DaCf@UPG?OC{G?uBqBB{B@eBBgC@B~DB~EqDF
7/1/14 22:30,7/1/14 22:45,13_1,850,Subscriber,Male,1966,41.87770796,-87.63532114,41.896544,-87.630931,9,1,1,0,0,ufr~Fbg{uOgED}JDeGB}FJcC@oJ@yE?Ey@?]B{D@}G?[G?W@SCcDDwCEqBFuAAmFDyKLqHF}LHCuI
7/1/14 7:46,7/1/14 7:56,38_1,593,Customer,,NA,41.906724,-87.63483,41.888243,-87.63639,0,1,1,7/1/14 10:24,}gt~Fpo{uOi@b@w@b@iAJYAoA?uACeA?aDFeCDsBDE_HCgQA_@uA@{CBkKHoUPeWV{CDuJFkTVgKFCkAAeEa@Hu@^_Af@,y{w~Ftd{uO?s@`EC|CAvEG~IOvHMpRUfTS~ROfIOrBBrB?vDAZC?bGBXEBKFcE~D[Z
7/1/14 10:24,7/1/14 10:27,38_1,192,Customer,,NA,41.911974,-87.631942,41.907993,-87.631501,1,1,1,7/1/14 11:38,sn__Gnj}uOiB{HgDfBkEvBtBzIBvL~DGvD?vDEtDGFlWAzDpJMAuBA{BzAA|EE,o|x~FrszuO~@g@t@_@`@IzCIlHEnDC
7/1/14 11:38,7/1/14 12:36,38_1,3520,Customer,,NA,41.907993,-87.631501,41.915689,-87.6346,2,1,1,7/1/14 13:11,sn__Gnj}uOiB{HgDfBkEvBtBzIBvL~DGvD?vDEtDGFlWAzDpJMAuBA{BzAA|EE,}cx~FlpzuOoPLiADa@HaBz@oGbDeIfE{DpB
7/1/14 13:11,7/1/14 13:53,38_1,2521,Customer,,NA,41.915689,-87.6346,41.918306,-87.636282,3,1,1,7/1/14 14:07,sn__Gnj}uOiB{HgDfBkEvBtBzIBvL~DGvD?vDEtDGFlWAzDpJMAuBA{BzAA|EE,mty~Fdb{uOyKzF_Bx@e@VNp@
7/1/14 14:07,7/1/14 14:32,38_1,1549,Customer,,NA,41.918306,-87.636282,41.915689,-87.6346,4,1,1,7/1/14 14:33,sn__Gnj}uOiB{HgDfBkEvBtBzIBvL~DGvD?vDEtDGFlWAzDpJMAuBA{BzAA|EE,}dz~Fdn{uOOq@d@W~Ay@xK{F
7/1/14 14:33,7/1/14 14:56,38_1,1405,Customer,,NA,41.915689,-87.6346,41.915689,-87.6346,5,1,1,7/1/14 14:57,sn__Gnj}uOiB{HgDfBkEvBtBzIBvL~DGvD?vDEtDGFlWAzDpJMAuBA{BzAA|EE,mty~Fdb{uO
7/1/14 14:57,7/1/14 15:18,38_1,1284,Customer,,NA,41.915689,-87.6346,41.891071,-87.6122,6,1,1,7/1/14 16:18,ozt~FfwvuOA_CsABqABDdD@j@@lCBhB?x@NxZ?|HLdWDnJDzHLj_@BdQHfK@lMMRmChBa@VQLiBvAKPc@^IFQHWD{@C_IDmCBo@HI@BjDBbBiA@{BBq@DGB,mty~Fdb{uOfEwBtIsE[{@G[Ks@Cc@Aa@Bm@HuABMRoAV_Ab@oAt@kB\{@VkALuA?iAGeAAu@GgA@]@YJS^Wd@MvB]JAv@I|@S`@CfDGjAKvDe@dUkDrDm@nCk@dAWdAk@h@e@d@g@p@eAh@qA`@}APuAFmADcBLoDLo@Pc@PWh@c@rFaDpFeDxEoCvFgDjHiEdDuBpAu@XBP@b@EnBAfAEn@SpB??O?]?QAiDCuD
7/1/14 16:18,7/1/14 16:33,38_1,896,Subscriber,Male,1963,41.897764,-87.642884,41.879255,-87.639904,7,1,1,7/1/14 17:08,sn__Gnj}uOiB{HgDfBkEvBtBzIBvL~DGvD?vDEtDGFlWAzDpJMAuBA{BzAA|EE,{cv~F|w|uOXElBGvBAGoGl@IvHK`D?TBV?XARGv@m@JQbA{@d@[TOjD_CLSbDwBtGaFj@IApDHhCAbAhBEhDAxBIt@G|BCzAA?mA?{@?qA?kI?Wh@FVDxDLzFElBAfGGvJIR?@fE@rADlH
7/1/14 17:08,7/1/14 17:28,38_1,1236,Customer,,NA,41.879255,-87.639904,41.92560188,-87.65370804,8,1,1,7/1/14 17:35,sn__Gnj}uOiB{HgDfBkEvBtBzIBvL~DGvD?vDEtDGFlWAzDpJMAuBA{BzAA|EE,spr~Fld|uOFxX@dG?L?NIJILIDQ@oE?gBAEASU{B?_@?mBBeFBaDDgBFk@F_BVwA`@gC|@_CfAC@eDrBy@r@CBwArAuBdC_@d@qAzB{D|GmCfEkCxDk@`AkDvFqDpGoA~Bu@hAoAdBaAhA{@z@}BlBoAx@qCvA{Bz@{CbAyBx@gAf@w@VuA`@}@RkC^mBJaB@}@GcG[qAA_ADaAHgAX}@XmAh@sAv@{ApAeBbBi@VoBnBuArA{AlA_An@[N_A`@CyG?qBA{DCiFEiFIcWCuIAkBwAB}A@q@D}CDuCBg@DyBBqE@yORkXXkMNeFF
7/1/14 17:35,7/1/14 17:40,38_1,297,Subscriber,Male,1984,41.92560188,-87.65370804,41.92175,-87.64401,9,1,1,7/1/14 17:59,sn__Gnj}uOiB{HgDfBkEvBtBzIBvL~DGvD?vDEtDGFlWAzDpJMAuBA{BzAA|EE,_r{~Fbz~uOl@AAiAAuCIsOAaDAu@x@mAtCoEfAcBpAkBdAiBxEkH|@{A@b@
7/1/14 17:59,7/1/14 18:03,38_1,285,Subscriber,Male,1984,41.92175,-87.64401,41.925858,-87.638973,10,1,1,7/1/14 21:21,sn__Gnj}uOiB{HgDfBkEvBtBzIBvL~DGvD?vDEtDGFlWAzDpJMAuBA{BzAA|EE,yzz~Fx}|uOAc@oDDmJJyDHAgFGgM@aDAqBM?e@@
7/1/14 21:21,7/1/14 21:34,38_1,820,Subscriber,Female,1957,41.925858,-87.638973,41.937725,-87.644095,11,1,1,0,0,qs{~Fn_|uOaIJ_C@xCrM_Bv@kDdBiCnAq@^kAtBWPgGxCYNu@`@yAj@eBTkDw@uBiA}BEcFHgIF?m@
7/1/14 11:04,7/1/14 11:58,41_1,3209,Customer,,NA,41.877181,-87.627844,41.90096039,-87.62377664,0,1,1,7/1/14 12:11,sn__Gnj}uOiB{HgDfBkEvBtBzIBvL~DGvD?vDEtDGFlWAzDpJMAuBA{BzAA|EE,kcr~FzwyuO{QNaA@e@@AaCAyAAiAG[GoI@m@u@AqCEiA?aC@sAD{A@aCTuELcEBcB@yE@aAI_AMaC_@gB[UC}HHgED_LHaFDgBF}AIm@Ge@Aw@GyBMsA?kFHcBBOEeAAo@EAi@
7/1/14 12:11,7/1/14 12:37,41_1,1593,Subscriber,Female,1965,41.90096039,-87.62377664,41.931931,-87.677856,1,1,1,7/1/14 14:26,sn__Gnj}uOiB{HgDfBkEvBtBzIBvL~DGvD?vDEtDGFlWAzDpJMAuBA{BzAA|EE,exv~Fv`yuOeEw@gAM{@FgAPwCfAeAX]HqE~@QHKTyEv@}LfBaBPo@DkABqDDeAFqBFeAJu@PuBr@QHuMhFqEnB}Bx@QJUHeBl@cEhAcHpAwFv@oRbEs@OcB?uB@a@@_@JN~A@DDd@j@`G`@dGDhKDtDJnL?fHPnc@FbNLfWJtVPr^Pje@@nI_MpRoAfBiFfGY`@qCfDsDrEgFdGUX
7/1/14 14:26,7/1/14 14:38,41_1,666,Subscriber,Female,1965,41.931931,-87.677856,41.929546,-87.643118,2,1,1,7/1/14 14:42,sn__Gnj}uOiB{HgDfBkEvBtBzIBvL~DGvD?vDEtDGFlWAzDpJMAuBA{BzAA|EE,{y|~FbqcvOhK_MhDmE\_@`AiAEuCEwNE{NE}E@aFEMA{BAmJGyM[it@MyYA_JG{DQuCSqBS_Ba@qB
7/1/14 14:42,7/1/14 14:48,41_1,381,Customer,,NA,41.929546,-87.643118,41.925905,-87.64926,3,1,1,7/1/14 17:14,sn__Gnj}uOiB{HgDfBkEvBtBzIBvL~DGvD?vDEtDGFlWAzDpJMAuBA{BzAA|EE,_k|~Ftx|uO`@pBR~ARpBPtCFzD@~I@bCv@AxBCvMQhAAw@rAW\
7/1/14 17:14,7/1/14 17:19,41_1,298,Subscriber,Female,1992,41.925905,-87.64926,41.921687,-87.653714,4,1,1,7/1/14 19:18,sn__Gnj}uOiB{HgDfBkEvBtBzIBvL~DGvD?vDEtDGFlWAzDpJMAuBA{BzAA|EE,ys{~Fp_~uOkG|JF|MhEC`DG`MO`EErAA?j@
7/1/14 19:18,7/1/14 19:35,41_1,993,Subscriber,Male,1984,41.921687,-87.653714,41.94367,-87.64895,5,1,1,7/1/14 20:46,sn__Gnj}uOiB{HgDfBkEvBtBzIBvL~DGvD?vDEtDGFlWAzDpJMAuBA{BzAA|EE,yyz~Ftz~uO?k@sA@aEDaMNaDFsPNwRT}ABAcAAmBAsDKaRiJHoJPkGDyCH_JHeDBoC@?mBMwV?eBkA@mBDgB|@iAj@FjMDbI
7/1/14 20:46,7/1/14 21:05,41_1,1117,Subscriber,Female,1986,41.94367,-87.64895,41.926277,-87.630834,6,1,1,7/1/14 21:07,sn__Gnj}uOiB{HgDfBkEvBtBzIBvL~DGvD?vDEtDGFlWAzDpJMAuBA{BzAA|EE,qb__G||}uO?rAn@?zHIjJGQs]?oF@qFEoEEyEEaBIaAMk@|@g@NIx@mAb@{@v@kBZo@DOFa@|AyBVa@f@s@`DaFzAqBnAwA`Aw@hAy@bB_AfDoArB]fAM|@GtA?X?`@?xMDlCBtAEtAKpB]~@SJHDBND~D?z@C^GWeCMiA
7/1/14 21:07,7/1/14 21:30,41_1,1364,Subscriber,Female,1986,41.926277,-87.630834,41.899007,-87.629928,7,1,1,7/1/14 22:05,sn__Gnj}uOiB{HgDfBkEvBtBzIBvL~DGvD?vDEtDGFlWAzDpJMAuBA{BzAA|EE,wu{~FpkzuORlB?BP|APEpAm@nBmAtAm@FIFSnCk@`MkCfASdDc@pCc@jDu@pD_AzAe@vCcAnBy@vBcApAg@`KeEb@SdBm@|@Uv@IpBCxB?hEKjD]|Cc@|PmC`AMLJJD\AzAQpDs@|@WrAg@b@Md@?vABj@FpBBlABpAIDpDBpKFtK@pCP?BbHpEEAcHs@A
7/1/14 22:05,7/1/14 22:13,41_1,471,Subscriber,Male,1987,41.899007,-87.629928,41.884451,-87.629892,8,1,1,7/1/14 22:43,sn__Gnj}uOiB{HgDfBkEvBtBzIBvL~DGvD?vDEtDGFlWAzDpJMAuBA{BzAA|EE,ykv~FlezuOS?CwHbDCrEExMK`SQjPQVP`ABxBAjCGRAn@AdBAfBCTKnDEv@?@tH?vA
7/1/14 22:43,7/1/14 23:07,41_1,1457,Subscriber,Male,1986,41.884451,-87.629892,41.921525,-87.707322,9,1,1,0,0,_qs~FxezuO?fOCxGBfHBxH?dBDpI@r^@dG?T?f@[?{AByAPuBXKASGyAf@]L_CfAC@eDrBy@r@CBUTaA|@uBdCcAzAcElHe@t@mCfEkCxDk@`AuCvEuAbCmDlGS^u@hAoAdBaAhA{@z@}BlBoAx@qCvAeE|AsC`Aw@XgAf@mCx@}@RkC^mBJaB@uBOkESqAAaCNgAX}@XmAh@sAv@{ApAeBbB_ExEy@|@qAdAg@ZoBfAwDtBiDhBu@ZoJvE{BlAaBhAcBjAkDvDuA`ByApB}@xAkAvB{DfIuFlL}AjDqFfLsAlCYNIFkCxEkBvCoAjCk@dAO\?xA@d@?l@?tDFxKBhKBzV@n@Gf@?rDBdLBjFDjPD~OHr_@?bAR?vDEhMOBd@
7/1/14 6:46,7/1/14 7:06,45_1,1200,Subscriber,Female,1984,41.918306,-87.636282,41.885837,-87.6355,0,1,1,7/1/14 7:30,oys~Fbh{uOcE@E?M@Jh@NZpA|Bx@rAd@ZjALVDxDLzFE|FEFzK@rBk@@,}dz~Fdn{uOOq@d@W~Ay@tLmG~FyC|BmA`@BhA@`@KRJ`@DpA@pCCjUU`MIvJMhBAxEC~FIxWSpGGbNK|MG`DGbD@pBCj@AjAK~BEfA@ND?dD?pB?bGJr@FXxB|DNRLPVPLH`@D?[@wCCiCE?O?
7/1/14 7:30,7/1/14 7:40,45_1,584,Subscriber,Male,1979,41.882091,-87.639833,41.89636246,-87.65406127,1,1,1,7/1/14 16:13,sn__Gnj}uOiB{HgDfBkEvBtBzIBvL~DGvD?vDEtDGFlWAzDpJMAuBA{BzAA|EE,cbs~Fbc|uOyENkJHmCB@bE@hKA~GyEH_CFS@eFDgA?K?IRg@|@uC`F{CvFkBdDmDjG{ApCgGpKeEnHuFD@xA
7/1/14 16:13,7/1/14 16:20,45_1,426,Subscriber,Male,1967,41.89636246,-87.65406127,41.88338,-87.64117,2,1,1,7/1/14 17:48,cjs~Frl|uOd@??_HAgF?sH?g@?oH_GBsF?E?@yB?eD?gAAkL?yAxBC~BC?zD,yzu~Fz|~uOAyAtFEdEoHdIqNjE}Hn@gA~DCVLdCCnCCfFGj@CLK~AA?cE?m@AoKAmQzMOpEG
7/1/14 17:48,7/1/14 17:56,45_1,478,Subscriber,Male,1985,41.88457623,-87.63188991,41.893992,-87.629318,3,1,1,7/1/14 17:58,sn__Gnj}uOiB{HgDfBkEvBtBzIBvL~DGvD?vDEtDGFlWAzDpJMAuBA{BzAA|EE,_qs~FhrzuO?~AeC@}EBiBDA_@A}CAiD?_EA]A?A?O?mIB}BFcIJaSR?sA
7/1/14 17:58,7/1/14 18:09,45_1,635,Subscriber,Male,1988,41.893992,-87.629318,41.89257,-87.614492,4,1,1,7/1/14 18:11,sn__Gnj}uOiB{HgDfBkEvBtBzIBvL~DGvD?vDEtDGFlWAzDpJMAuBA{BzAA|EE,{lu~FfbzuOK{[CmB_DD_D@}AF[Aa@Ai@EAoBEkGAgDCkIEcIAyEG]n@_@fC}AjHiEdDuBpAu@XBP@PAn@CRA
7/1/14 18:11,7/1/14 18:21,45_1,563,Customer,,NA,41.89257,-87.614492,41.89186,-87.62062,5,1,1,7/1/14 18:27,sn__Gnj}uOiB{HgDfBkEvBtBzIBvL~DGvD?vDEtDGFlWAzDpJMAuBA{BzAA|EE,qcu~F`ewuO|@?l@NNLJL@nBHtNBbE@vD?jE
7/1/14 18:27,7/1/14 18:38,45_1,637,Subscriber,Male,1981,41.89186,-87.62062,41.882091,-87.639833,6,1,1,7/1/14 18:39,sn__Gnj}uOiB{HgDfBkEvBtBzIBvL~DGvD?vDEtDGFlWAzDpJMAuBA{BzAA|EE,w~t~FzkxuOJtT?NlAAxAAtBEfA@d@DjFv@|@JC|BB\F\V^lDvCRZZx@Jl@@j@?nBCxG@hJBvW@v@D\FVTj@`BtC^d@\Xb@L`@FHEd@@jAFbB@?^hJGnCCDnG@jC@rBk@@
7/1/14 18:39,7/1/14 18:42,45_1,228,Subscriber,Male,1981,41.882091,-87.639833,41.88175,-87.6478,7,1,1,7/1/14 19:13,sn__Gnj}uOiB{HgDfBkEvBtBzIBvL~DGvD?vDEtDGFlWAzDpJMAuBA{BzAA|EE,cbs~Fbc|uOyENwFF?~G@lQxFInGI?rE@fA?jCBxH
7/1/14 19:13,7/1/14 19:23,45_1,616,Subscriber,Male,1986,41.88175,-87.6478,41.8810317,-87.62408432,8,1,1,7/1/14 19:33,sn__Gnj}uOiB{HgDfBkEvBtBzIBvL~DGvD?vDEtDGFlWAzDpJMAuBA{BzAA|EE,c`s~Fvu}uOEmO?sE`GIEoNI}VCsKOkj@GiLAiAG[GoI@m@i@A
7/1/14 19:33,7/1/14 19:36,45_1,176,Subscriber,Male,1983,41.8810317,-87.62408432,41.877181,-87.627844,9,1,1,7/1/14 22:17,kcr~FzwyuOlDEtBA@rB@hE?zDDzTE~GAzDHnUDhKBpEM`@KfCKnAUfAa@|@QTm@h@g@XqBl@uAXSHY@oFCw@@MH_@BaB?cBBqGB{AB]?QO[Gg@Gs@I_DSqAC?b@?T?`BAzGBhFT?h@?,y{r~FlbyuOeAAQL_AJ_@AIDIX@pID~D@dCpBCxCGpACp@A~PM
7/1/14 22:17,7/1/14 22:28,45_1,678,Subscriber,Male,1988,41.884078,-87.648684,41.871737,-87.65103,10,1,1,7/1/14 23:49,sn__Gnj}uOiB{HgDfBkEvBtBzIBvL~DGvD?vDEtDGFlWAzDpJMAuBA{BzAA|EE,ons~Fvz}uOdKKfAA?g@A_ECoD?{A?u@VJT@lBEdJItHIN@VJtAEbAGh@ETAfCMhBAbELv@?dCKNFT@bESdDYtBEzDCHnIJbOHhHy@BSKoFBoBD
7/1/14 23:49,7/1/14 23:54,45_1,333,Subscriber,Male,1989,41.871737,-87.65103,41.869417,-87.660996,11,1,1,0,0,w_q~Fpn~uOBdBjKG?bEDtKPzb@
7/1/14 8:31,7/1/14 8:46,73_1,907,Subscriber,Male,1974,41.87593267,-87.63058454,41.90096039,-87.62377664,0,1,1,7/1/14 9:12,sn__Gnj}uOiB{HgDfBkEvBtBzIBvL~DGvD?vDEtDGFlWAzDpJMAuBA{BzAA|EE,q{q~F~jzuOjACjCC`AA@lEDjG@zG@tBS@M@QRcAr@cBpAyAhASHk@f@k@`@_@Dc@BO@uELeB@mHDkGBqIHwFBuCC{BOSC]Gk@o@eB{C[s@EWCaB@sD?yLA{F@sD@aIAgBE{AKk@[{@?AKQOQgAy@yAkAQQKUCU?mADmAiAMaDg@cBSkBAqBByCB?`@BnEk@@yA@W@CsB?kB?c@wA@iFD_DD_D@}AF[Aa@AgAKi@Au@E}AMoBCcDD}CD[@OE{ACYCAi@
7/1/14 9:12,7/1/14 9:25,73_1,768,Customer,,NA,41.90096039,-87.62377664,41.926277,-87.630834,1,1,1,7/1/14 10:04,sn__Gnj}uOiB{HgDfBkEvBtBzIBvL~DGvD?vDEtDGFlWAzDpJMAuBA{BzAA|EE,exv~Fv`yuOeEw@gAM{@FgAPwCfAeAX]HqE~@QHKTyEv@}LfBaBPo@DkABqDDeAFqBFeAJu@PuBr@QHuMhFqEnB}Bx@QJUHeBl@cEhAcHpAwFv@oRbEs@OcB?uB@a@@_@JBZ
7/1/14 10:04,7/1/14 10:21,73_1,1045,Customer,,NA,41.926277,-87.630834,41.907993,-87.631501,2,1,1,7/1/14 10:32,sn__Gnj}uOiB{HgDfBkEvBtBzIBvL~DGvD?vDEtDGFlWAzDpJMAuBA{BzAA|EE,wu{~FpkzuORlB?BP|APEpAm@nBmAtAm@FIFSnCk@`MkCfASdDc@pCc@jDu@pD_AzAe@vCcAnBy@vBcApAg@t@?`@ExDa@bCWVJXJVPZh@Lj@Dr@Bv@EXMx@Sp@Sh@GPoAlD[`ASbAIj@O|BPdBRdAPx@ZQ`By@|DsBt@_@`@IzCIlHEnDC
7/1/14 10:32,7/1/14 10:54,73_1,1320,Subscriber,Female,1959,41.907993,-87.631501,41.87935636,-87.62979104,3,1,1,7/1/14 11:32,sn__Gnj}uOiB{HgDfBkEvBtBzIBvL~DGvD?vDEtDGFlWAzDpJMAuBA{BzAA|EE,}cx~FlpzuO{GFGgHAgGIgJAoDmAFaFHe@LeAb@}B`AQH@]@YJS^Wd@MvB]JAv@I|@S`@CfDGjAKvDe@dUkDrDm@nCk@dAWdAk@h@e@d@g@p@eAh@qA`@}APuAFmADcBLoDLo@Pc@PWh@c@rFaDpFeDxEoCvFgDjHiEdDuBhBaA`@Of@Il@EhBC|A@pB@rFGtKIx@A|A?x@?bAG~ACnCHh@DdA\^PNH\Tt@|@n@lA`BpEd@~@d@p@~@x@t@`@v@Xn@Hj@@|D?`LKH~M@lDDbR?xAwFHNpTF~K
7/1/14 11:32,7/1/14 11:39,73_1,423,Subscriber,Male,1948,41.87935636,-87.62979104,41.871962,-87.626106,4,1,1,7/1/14 13:49,sn__Gnj}uOiB{HgDfBkEvBtBzIBvL~DGvD?vDEtDGFlWAzDpJMAuBA{BzAA|EE,kqr~FdezuO@hE|BCxHGpECxBCCsKGmHIeFjCCl@?hPM
7/1/14 13:49,7/1/14 13:52,73_1,170,Subscriber,Male,1963,41.871962,-87.626106,41.867227,-87.625961,5,1,1,7/1/14 15:15,sn__Gnj}uOiB{HgDfBkEvBtBzIBvL~DGvD?vDEtDGFlWAzDpJMAuBA{BzAA|EE,wbq~F`myuOxGE`GExFKbBBf@CN?
7/1/14 15:15,7/1/14 15:32,73_1,1021,Customer,,NA,41.867227,-87.625961,41.865212,-87.617759,6,1,1,7/1/14 15:33,sn__Gnj}uOiB{HgDfBkEvBtBzIBvL~DGvD?vDEtDGFlWAzDpJMAuBA{BzAA|EE,eep~FhlyuO]@CcEA}MEmKtJuB|A]RYDG@GB_@EyC?mAWACAGKCOAu@
7/1/14 15:33,7/1/14 15:36,73_1,158,Subscriber,Female,1965,41.865212,-87.617759,41.865212,-87.617759,7,1,1,7/1/14 17:04,sn__Gnj}uOiB{HgDfBkEvBtBzIBvL~DGvD?vDEtDGFlWAzDpJMAuBA{BzAA|EE,kxo~F~ywuO
7/1/14 17:04,7/1/14 18:05,73_1,3650,Customer,,NA,41.865212,-87.617759,41.88918,-87.6277,8,1,1,7/1/14 18:06,sn__Gnj}uOiB{HgDfBkEvBtBzIBvL~DGvD?vDEtDGFlWAzDpJMAuBA{BzAA|EE,kxo~F~ywuOB`AFLBBX@BvE@RYX]NkE`AmFfA]DOHKNaDHm@@m@@mYNkF?wHFkFBeGLiKHw@@QMS?q@?uACcAIwBQ}@CuED}AB_F@mA?]DU?aCAY?Af@B|G?HL?@dMB~B?tCBjAk@D]@KDE@NRZx@Jl@B|A?rAQ?u@@uABmDEc@?ULiA??w@
7/1/14 18:06,7/1/14 18:10,73_1,198,Subscriber,Female,1988,41.88918,-87.6277,41.88918,-87.6277,9,1,1,7/1/14 18:10,sn__Gnj}uOiB{HgDfBkEvBtBzIBvL~DGvD?vDEtDGFlWAzDpJMAuBA{BzAA|EE,{nt~FbxyuO
7/1/14 18:10,7/1/14 18:32,73_1,1268,Subscriber,Female,1988,41.88918,-87.6277,41.925858,-87.638973,10,1,1,7/1/14 18:44,sn__Gnj}uOiB{HgDfBkEvBtBzIBvL~DGvD?vDEtDGFlWAzDpJMAuBA{BzAA|EE,{nt~FbxyuOCyDAU]qEOgAC@C?EBGF}A@cDDC_CAaAE{DIeJ?aAA{B@_@@wDM{Z?_F?QyBAMIWYoC?]Fi@Je@R]TQVIXyA`AaC|AmDtB_MpHqRbLi@b@]f@Qb@K`@MlASvGOhAOx@g@xAc@z@[d@[\c@^o@d@y@VuFhAmVvDiEj@gBNkABqDDeAFs@@}@DeAJu@PqAb@m@TWJiObGmClA}Bx@QJUHeBl@cEhAcHpAwFv@{FnAsJrBs@OcB?uB@a@@_@JN~A@DVdCX`DZ|DHvBDtLF`IDfE?RM?e@@
7/1/14 18:44,7/1/14 18:57,73_1,763,Subscriber,Female,1973,41.925858,-87.638973,41.949275,-87.646303,11,1,1,7/1/14 19:06,sn__Gnj}uOiB{HgDfBkEvBtBzIBvL~DGvD?vDEtDGFlWAzDpJMAuBA{BzAA|EE,qs{~Fn_|uOr@AEiEEiHEiFAyFEsAc@{Fg@eFWiC_AX_Af@mC|Ao@ZSTk@JeALy@H}AFoRGaA?}CDsEr@}CjAkBfAeAx@uAjA}@dAkA|AsE`HeBfCiCnDeC`Cw@n@kCjBeAn@kAh@UFoD~AUJ_PbHcHhDaD~A_HdD{DtBsB|@y@Tw@HsABi@AoDG[UuAUeBUyAK?xA@l@?|@?TdAKn@MVA~BOh@EjBBd@?lCtP|JoFzAy@
7/1/14 19:06,7/1/14 19:10,73_1,239,Subscriber,Male,1989,41.949275,-87.646303,41.95078,-87.659172,12,1,1,0,0,{e`_Gvl}uOyItE_CrArA`JJxQ@dGJfP@rG@lFD|@~@o@
7/1/14 6:32,7/1/14 6:40,86_1,454,Subscriber,Male,1977,41.885837,-87.6355,41.87593267,-87.63058454,0,1,1,7/1/14 6:46,sn__Gnj}uOiB{HgDfBkEvBtBzIBvL~DGvD?vDEtDGFlWAzDpJMAuBA{BzAA|EE,oys~Fbh{uO}D?Ey@?u@BoD?mIA}CA}AT?bECxFG|CC|A@bCCdHMpEC|BEvNM~DA
7/1/14 6:46,7/1/14 6:55,86_1,549,Subscriber,Male,1968,41.87593267,-87.63058454,41.893992,-87.629318,1,1,1,7/1/14 7:21,sn__Gnj}uOiB{HgDfBkEvBtBzIBvL~DGvD?vDEtDGFlWAzDpJMAuBA{BzAA|EE,q{q~F~jzuOjACAiE?_B[?sDFkMNcLJyHHcCAyBB_C?mDHgHBW?eB@{D@kBD}EH_IF_IHaDD?sA
7/1/14 7:21,7/1/14 7:30,86_1,531,Subscriber,Male,1984,41.893992,-87.629318,41.87817,-87.631985,2,1,1,7/1/14 7:40,sn__Gnj}uOiB{HgDfBkEvBtBzIBvL~DGvD?vDEtDGFlWAzDpJMAuBA{BzAA|EE,{lu~FfbzuOCmF~CCD`RFvHzCC`IC`DGbD@pBCj@AjAK~BEfA@\D`FEzFIxD@vC@h@ANKhBObCA`GGbEAtD??_A
7/1/14 7:40,7/1/14 7:48,86_1,473,Subscriber,Female,1970,41.87817,-87.631985,41.88918,-87.6277,3,1,1,7/1/14 8:01,sn__Gnj}uOiB{HgDfBkEvBtBzIBvL~DGvD?vDEtDGFlWAzDpJMAuBA{BzAA|EE,iir~FzrzuOCuLA_BsCBaFFeIFuDDcCAyFBmDHwDBqB?K?kHBkBDy@@?e@C{DAuC
7/1/14 8:01,7/1/14 8:16,86_1,914,Customer,,NA,41.88918,-87.6277,41.915689,-87.6346,4,1,1,7/1/14 8:40,sn__Gnj}uOiB{HgDfBkEvBtBzIBvL~DGvD?vDEtDGFlWAzDpJMAuBA{BzAA|EE,{nt~FbxyuODpI?zBBrE@tGaD?aIFcDF{HFcLHuWT}IHcIJgWRuKLqJF{H?]MIIGSCM[PeFlC_GxC[P
7/1/14 8:40,7/1/14 8:47,86_1,470,Subscriber,Female,1988,41.915689,-87.6346,41.929546,-87.643118,5,1,1,7/1/14 9:01,sn__Gnj}uOiB{HgDfBkEvBtBzIBvL~DGvD?vDEtDGFlWAzDpJMAuBA{BzAA|EE,mty~Fdb{uOkPtI}A`AiJ|EmKpFsBbAeIdEsBhAsFpCwIhEkEtBWXLf@
7/1/14 9:01,7/1/14 9:14,86_1,754,Subscriber,Male,1987,41.929546,-87.643118,41.918216,-87.656936,6,1,1,7/1/14 11:34,sn__Gnj}uOiB{HgDfBkEvBtBzIBvL~DGvD?vDEtDGFlWAzDpJMAuBA{BzAA|EE,_k|~Ftx|uO`@pBR~ARpBPtCFzD@~ILxYBrFhJKjGGvGIjMOrAA@dC@zIDtFzACxQS
7/1/14 11:34,7/1/14 11:42,86_1,455,Customer,,NA,41.918216,-87.656936,41.928712,-87.653833,7,1,1,7/1/14 11:45,sn__Gnj}uOiB{HgDfBkEvBtBzIBvL~DGvD?vDEtDGFlWAzDpJMAuBA{BzAA|EE,ycz~Fho_vO^AAsFCmF?{BAwBkJJkJJwEDiLLuRV{BB
7/1/14 11:45,7/1/14 11:47,86_1,158,Subscriber,Male,1990,41.928712,-87.653833,41.928712,-87.653833,8,1,1,7/1/14 11:48,sn__Gnj}uOiB{HgDfBkEvBtBzIBvL~DGvD?vDEtDGFlWAzDpJMAuBA{BzAA|EE,me|~Fxz~uO
7/1/14 11:48,7/1/14 12:01,86_1,795,Subscriber,Male,1990,41.928712,-87.653833,41.911974,-87.631942,9,1,1,7/1/14 13:26,sn__Gnj}uOiB{HgDfBkEvBtBzIBvL~DGvD?vDEtDGFlWAzDpJMAuBA{BzAA|EE,me|~Fxz~uOy@?r@eA`BiCvHoL|DoGfGqJxCoEdAiBxEkH~AiCfF}HzAcC|HwLtA{B~H}LhE{GYcBhAk@`By@pEaCbCqA`By@|BkA
7/1/14 13:26,7/1/14 13:52,86_1,1531,Subscriber,Male,1983,41.911974,-87.631942,41.865212,-87.617759,10,1,1,0,0,o|x~FrszuOgExBWJSk@K_@ESK_ACq@HkBJ{@Z{AdAwCj@{A\gATwAD_AAgAIu@?k@GgA@g@F[JOb@SdCe@RCRCfBYhEKjD]|Cc@vUqDbEu@lAWz@]t@e@t@s@j@w@d@}@h@aBZ_BJeALoFH}ATy@b@m@bAs@rI}EvD_CnEiCtHsE~FkDdDsB`@Qd@Mv@KhCAhB?`EA|NMv@Az@?lA?pACjAED?n@AnBFt@Db@Ht@T\Nn@`@t@|@Xd@r@bBrAtDh@|@VX^\h@`@bAd@z@Pb@B|B@zMO|OMvHG|UOjCA~@J`@Ld@Pn@\dA|@vBrBbB~AQv@DrE?b@ZCtJuB|A]RYDGBQ?y@CuB?mAWACACCGOA}@
7/1/14 7:49,7/1/14 8:16,99_1,1627,Subscriber,Male,1986,41.921525,-87.707322,41.88389277,-87.62464914,0,1,1,7/1/14 8:47,sn__Gnj}uOiB{HgDfBkEvBtBzIBvL~DGvD?vDEtDGFlWAzDpJMAuBA{BzAA|EE,}wz~FpiivOH^LLPHNBP?\KXWJYF_@?W[N_CBiMNwDDA{AGkVCmJG_b@IiJ?qF?wBIg@AuAAiNCgGCuMAcDCmCf@iA~@wBbAuCpCkH?[fB{DjB_EfA_C|B{E|GwNjHkOpAaClBwC~@mAnAuAx@}@`A{@`@_@dAu@z@m@x@c@b@UbL}F|FyCnBkAh@[pBgAjCkBp@o@dGkHjAkAz@q@jAs@z@a@x@Yz@SlAQbAGrA@dGVv@BtBCdBKdBUdBYdAUhC_AzDqAxHqCpC{A|AiAlBoBxAcBdDaGREhAkAz@o@j@Wz@YvA_@l@UZWZ_@Vk@Ru@HeA?k@Ci@g@oCs@yDWcCAcBTyFJ{DCiWAuC?qEIaAAeGCoBAgC@gEFqEJaDGoQIwX@{@EkQCaC?gCCuD?i@\@fACb@?RAj@@bBErCGx@Aj@DjFt@x@P|@HvE?lC?tA?`@CvAE`CEzBC
7/1/14 8:47,7/1/14 8:54,99_1,444,Subscriber,Male,1967,41.88389277,-87.62464914,41.888243,-87.63639,1,1,1,7/1/14 9:55,}gt~Fpo{uOi@b@w@b@iAJYAoA?uACeA?wABC_HE_NEwKKkZIaMCcCGgHCeDCuCBQBkBg@RO?gB?{HLaDA_DFmFBwB@Ae@AuEEoJ?c@G]pCcBbDoB~FkDdDsBb@D`@Cz@C,ims~FjdyuO|BC?w@{A@aCTuELcEBoA@?P?@B|B?tCBjAk@D]@KDE@NRZx@Jl@B|AA|L@xP?~G?fEBlA_BtAqCpC
7/1/14 9:55,7/1/14 10:25,99_1,1761,Customer,,NA,41.89257,-87.614492,41.89257,-87.614492,2,1,1,7/1/14 11:32,sn__Gnj}uOiB{HgDfBkEvBtBzIBvL~DGvD?vDEtDGFlWAzDpJMAuBA{BzAA|EE,qcu~F`ewuO
7/1/14 11:32,7/1/14 11:41,99_1,548,Customer,,NA,41.89257,-87.614492,41.890252,-87.622105,3,1,1,7/1/14 11:57,sn__Gnj}uOiB{HgDfBkEvBtBzIBvL~DGvD?vDEtDGFlWAzDpJMAuBA{BzAA|EE,qcu~F`ewuO|@?l@NNLJL@nBHtNBbE@vDAzBlA?h@?f@P`ABhCHtAPAjACbCAHG?G@wEDOBEJKGO@IHGN?RFPJHN@FCVIbB?
7/1/14 11:57,7/1/14 12:10,99_1,745,Customer,,NA,41.890252,-87.622105,41.8810317,-87.62408432,4,1,1,7/1/14 13:03,sn__Gnj}uOiB{HgDfBkEvBtBzIBvL~DGvD?vDEtDGFlWAzDpJMAuBA{BzAA|EE,cut~FftxuOrBAF@NCJMBSCUIOGCDyEZDn@BzC^vBDvDDvNGlBDvDEt@DnE^jCADjIBhF@jA?\i@A
7/1/14 13:03,7/1/14 13:50,99_1,2847,Customer,,NA,41.8810317,-87.62408432,41.8810317,-87.62408432,5,1,1,7/1/14 13:57,sn__Gnj}uOiB{HgDfBkEvBtBzIBvL~DGvD?vDEtDGFlWAzDpJMAuBA{BzAA|EE,m{r~FlbyuO
7/1/14 13:57,7/1/14 14:10,99_1,817,Customer,,NA,41.8810317,-87.62408432,41.891071,-87.6122,6,1,1,7/1/14 14:13,sn__Gnj}uOiB{HgDfBkEvBtBzIBvL~DGvD?vDEtDGFlWAzDpJMAuBA{BzAA|EE,y{r~FlbyuOqCEiA?aC@sAD{A@aCTBmBCmB@_L?mB?KE?o@?qF@e@Dm@?oCAyCIPmCJqDR}KJcDC[JmII_@EIUKm@@S?uHDsDOi@AeBD?OEoI
7/1/14 14:13,7/1/14 14:29,99_1,989,Customer,,NA,41.891071,-87.6122,41.8810317,-87.62408432,7,1,1,7/1/14 14:40,sn__Gnj}uOiB{HgDfBkEvBtBzIBvL~DGvD?vDEtDGFlWAzDpJMAuBA{BzAA|EE,ozt~FfwvuOA_CsABqABDdD@j@@lCBhB?x@?JAZn@SjD?nCChEIVOHCtEIpAEh@IpCKrACpC?n@F`ATPLPXHBVJVN\Tt@|@n@lA`BpEd@~@d@p@~@x@t@`@v@Xn@Hj@@fB@?\@vH@hHF|H@pEBrDi@A
7/1/14 14:40,7/1/14 14:53,99_1,820,Customer,,NA,41.8810317,-87.62408432,41.865212,-87.617759,8,1,1,7/1/14 18:26,kxo~F~ywuOB`AFLBBX@BvE@RYX]NkE`AmFfA]DOHKNaDHm@@m@@mYNkF?wHFkFByEJS??h@B|K@pE?b@sDFcA@?b@HnJJdR@vA,y{r~FlbyuOqCEiA?aC@sAD{A@aCTBmBCmB@_L?_BJ?R?rBB|BCn@B~E`@zBAh@EROxMM`GKlIGfMCzYQtEKLLLCZC`IeBpCm@V]DQ?i@CwEYACCGMCaA
7/1/14 18:26,7/1/14 18:57,99_1,1850,Subscriber,Female,1974,41.87935636,-87.62979104,41.899643,-87.6677,9,1,1,7/1/14 19:13,sn__Gnj}uOiB{HgDfBkEvBtBzIBvL~DGvD?vDEtDGFlWAzDpJMAuBA{BzAA|EE,kqr~FdezuO@hE|BCxHGpECzA?@lEBzJC|DC`FD`PDxNFjIM`@IrAGbBIp@Qt@a@|@_A~@_Ab@yAb@uAXSHY@oFCw@@MH_@BaB?}ABgCBoC?{ABeF@oDFkCHqBZqA\mC`AkBv@YPiDtB{@v@uApA[XwBjCy@tAiEtH}C|E{CpE}DrG_DpFaB|CcBhCoA`Bs@t@aBxAuB|A[RmBh@uAb@yAP_BIk@C_@DSJONQVO`@Gd@@v@DlAN~BXbh@
7/1/14 19:13,7/1/14 19:43,99_1,1800,Customer,,NA,41.899643,-87.6677,41.88918,-87.6277,10,1,1,7/1/14 19:45,sn__Gnj}uOiB{HgDfBkEvBtBzIBvL~DGvD?vDEtDGFlWAzDpJMAuBA{BzAA|EE,apv~FbravOYwg@Cg@\i@ZIdBcAdCsAz@c@P]bCcAbB}@bBkArAoA`AeAz@eAj@_AxBaED?FA|@}@d@a@~@k@nAe@`AUx@YTM^a@Va@Vs@NmA@oAGi@Mq@e@aCCQi@cDI{@EeB@kA\uIB}AEaNAcK?uEIaAAyFCa@?sAAyFHmHJaDE_HCgQEyHfNI`DAAiAA_FE_I?w@
7/1/14 19:45,7/1/14 19:58,99_1,813,Customer,,NA,41.88918,-87.6277,41.880958,-87.616743,11,1,1,7/1/14 20:13,sn__Gnj}uOiB{HgDfBkEvBtBzIBvL~DGvD?vDEtDGFlWAzDpJMAuBA{BzAA|EE,{nt~FbxyuOCyDAU]qEOgAC@C?EBGF}A@cDDC_CAaACo@L?vACdB?d@DjFv@|@JP@?u@?w@BsCHmAPwBPkAP{AJyADmAPmCJqDR}KXoILgEDWJSpCKrACpC?n@F`ATPLPXHBVJFDNH\Tt@|@n@lA`BpEd@~@d@p@~@x@t@`@v@Xn@Hj@@fB@?o@@wAK?
7/1/14 20:13,7/1/14 20:27,99_1,851,Customer,,NA,41.880958,-87.616743,41.891071,-87.6122,12,1,1,7/1/14 20:33,sn__Gnj}uOiB{HgDfBkEvBtBzIBvL~DGvD?vDEtDGFlWAzDpJMAuBA{BzAA|EE,_{r~FbtwuOJ?AvA{CG_@E_@KiAo@[[w@iAKYCc@CUc@cC[{A[{@[m@_@i@i@i@c@_@UMWOQWi@Gi@Is@EsADmBNuDTs@LS@SJMPWZQH]@S?uHDsDOi@AeBD?OAyCCuD
7/1/14 20:33,7/1/14 21:04,99_1,1838,Customer,,NA,41.891071,-87.6122,41.911722,-87.626804,13,1,1,7/1/14 21:23,sn__Gnj}uOiB{HgDfBkEvBtBzIBvL~DGvD?vDEtDGFlWAzDpJMAuBA{BzAA|EE,ozt~FfwvuOA_CsABqABDdD@j@@lCSv@WV_B@]FK@cA\]TQVIXyA`AaC|AmJvFsS`MqF`Dc@d@a@x@S|@Ep@KjEGjAOhAa@dBUl@c@z@[d@[\c@^o@d@y@VuE`AuGbAyEv@}LfBaBPo@DkABqDDeAF_@UeB[yAOw@?iARc@NIFYb@Y`@|@z@p@p@Z`@d@|@f@a@rAk@RI
7/1/14 21:23,7/1/14 21:54,99_1,1848,Customer,,NA,41.911722,-87.626804,41.89766,-87.62351,14,1,1,7/1/14 22:16,sn__Gnj}uOiB{HgDfBkEvBtBzIBvL~DGvD?vDEtDGFlWAzDpJMAuBA{BzAA|EE,s{x~FfqyuOxB_AXGrCEzCKbCYvKcBnIsAn@G|BETCXA~HgBLCV?|Be@n@It@BlBBh@A`BIpA?pH?bA@C]?mB
7/1/14 22:16,7/1/14 22:34,99_1,1048,Customer,,NA,41.89766,-87.62351,41.880958,-87.616743,15,1,1,0,0,}bv~F|}xuOAsF?yAR?dBAj@?CyCCiKEoJ?c@G]pCcBbDoB~FkDdDsB`@Qz@S`@EbBAvA?lB@bQOxBAz@AN?`A?pACpAEn@AnBFt@Db@Hr@RTHNJh@\t@|@Xd@r@bBl@dBd@nAh@|@v@v@h@`@bAd@z@Pb@B|B@@uA?q@K?
7/1/14 9:07,7/1/14 9:31,122_1,1429,Subscriber,Female,1971,41.899643,-87.6677,41.87785,-87.62408,0,1,1,7/1/14 9:55,sn__Gnj}uOiB{HgDfBkEvBtBzIBvL~DGvD?vDEtDGFlWAzDpJMAuBA{BzAA|EE,apv~FbravOYwg@Cg@\i@ZIdBcAdCsAz@c@P]bCcAbB}@bBkArAoA`AeAz@eAj@_A|BgEFKfAmBtCyEtBgDn@iAz@eBr@uArC}EbAeBn@iA`B{ChAmBd@s@jAsAnCqCj@i@nDyBfBw@v@UhB]nAOfBGtFIvCA~BMxCEbIMxCEZJXBxBNjABjACj@EnAEb@Af@CXHPPR\^bAVZTNXHJ@ZAVINIX[HOPy@?q@KmAe@gFCq@Eg@GWC}DAcCEoM?wBIiNAaEHsKC{RCsKGmHIeFAeH?gAHsDq@?Y@YJ_@P]VuAxAU`@QAe@?uBB
7/1/14 9:55,7/1/14 10:11,122_1,998,Customer,,NA,41.87785,-87.62408,41.87785,-87.62408,1,1,1,7/1/14 13:29,sn__Gnj}uOiB{HgDfBkEvBtBzIBvL~DGvD?vDEtDGFlWAzDpJMAuBA{BzAA|EE,qgr~FfbyuO
7/1/14 13:29,7/1/14 13:43,122_1,833,Customer,,NA,41.87785,-87.62408,41.880958,-87.616743,2,1,1,7/1/14 14:44,_{r~FbtwuOJ?AvA{CG_@E_@KiAo@[[w@iAKYCc@CUc@cC[{A[{@[m@_@i@i@i@c@_@UMWOQWi@Gi@Is@EsADmBNuDTs@LS@SJMPWZQH]@S?uHDsDOi@AeBD?OAyCCuD,qgr~FfbyuOyA@?c@AqECyNKoSeEHqHF@wAK?
7/1/14 14:44,7/1/14 15:05,122_1,1208,Customer,,NA,41.891071,-87.6122,41.880958,-87.616743,3,1,1,7/1/14 15:16,sn__Gnj}uOiB{HgDfBkEvBtBzIBvL~DGvD?vDEtDGFlWAzDpJMAuBA{BzAA|EE,ozt~FfwvuOA_CsABqABDdD@j@@lCBhB?x@?JAZn@SjD?nCChEIVOHCtEIpAEh@IpCKrACpC?n@F`ATPLPXHBVJVN\Tt@|@n@lA`BpEd@~@d@p@~@x@t@`@v@Xn@Hj@@fB@?o@@wAK?
7/1/14 15:16,7/1/14 15:23,122_1,419,Customer,,NA,41.880958,-87.616743,41.880958,-87.616743,4,1,1,7/1/14 15:31,sn__Gnj}uOiB{HgDfBkEvBtBzIBvL~DGvD?vDEtDGFlWAzDpJMAuBA{BzAA|EE,_{r~FbtwuO
7/1/14 15:31,7/1/14 15:58,122_1,1642,Customer,,NA,41.880958,-87.616743,41.880958,-87.616743,5,1,1,7/1/14 17:08,sn__Gnj}uOiB{HgDfBkEvBtBzIBvL~DGvD?vDEtDGFlWAzDpJMAuBA{BzAA|EE,_{r~FbtwuO
7/1/14 17:08,7/1/14 17:19,122_1,656,Customer,,NA,41.880958,-87.616743,41.891071,-87.6122,6,1,1,7/1/14 17:35,sn__Gnj}uOiB{HgDfBkEvBtBzIBvL~DGvD?vDEtDGFlWAzDpJMAuBA{BzAA|EE,_{r~FbtwuOJ?AvA{CG_@E_@KiAo@[[w@iAKYCc@CUc@cC[{A[{@[m@_@i@i@i@c@_@UMWOQWi@Gi@Is@EsADmBNuDTs@LS@SJMPWZQH]@S?uHDsDOi@AeBD?OAyCCuD
7/1/14 17:35,7/1/14 18:01,122_1,1575,Customer,,NA,41.891071,-87.6122,41.866095,-87.607267,7,1,1,7/1/14 18:03,sn__Gnj}uOiB{HgDfBkEvBtBzIBvL~DGvD?vDEtDGFlWAzDpJMAuBA{BzAA|EE,ozt~FfwvuOA_CsABqABDdD@j@@lCBhB?x@?JAZn@SjD?nCChEIVOHCtEIpAEh@IpCKrACpC?n@F`ATPLPXHBVJVN\Tt@|@n@lA`BpEd@~@d@p@~@x@t@`@v@Xn@Hj@@|D?`LKvXWxYQ`@@b@F~@Td@T~@p@`CxB|@|@~@z@IVG^B|@@zB?|@ZC`IeBpCm@V]DQ?i@CwEAeFGwP?u@sAAk@C[Eu@WACCe@AmCA{EOqY
7/1/14 18:03,7/1/14 18:22,122_1,1124,Customer,,NA,41.866095,-87.607267,41.891071,-87.6122,8,1,1,7/1/14 18:24,sn__Gnj}uOiB{HgDfBkEvBtBzIBvL~DGvD?vDEtDGFlWAzDpJMAuBA{BzAA|EE,{~o~FpyuuOKGM@Q?IBFvOHfN@t@@nEFXJRLLH@H?z@Md@EzA?ZA?X@rA@vDFpTcFn@u@?c@Gq@OmAe@o@a@{ByBgAcAeByAg@YeA_@{@MoAC}GDuEDsB?mCDwJD_DFuJHwGHsB@qD?oAG[G_@MkAu@UW]g@[q@Ek@UoA]oBi@iB{@wAeAaAu@e@QW]Cc@Ia@GkA?cDT{DVw@JYRKLMNWPgJF}EQeBD?O?WEwH
7/1/14 18:24,7/1/14 18:28,122_1,278,Customer,,NA,41.891071,-87.6122,41.891071,-87.6122,9,1,1,7/1/14 18:29,sn__Gnj}uOiB{HgDfBkEvBtBzIBvL~DGvD?vDEtDGFlWAzDpJMAuBA{BzAA|EE,ozt~FfwvuO
7/1/14 18:29,7/1/14 18:32,122_1,177,Customer,,NA,41.891071,-87.6122,41.891071,-87.6122,10,1,1,7/1/14 18:36,sn__Gnj}uOiB{HgDfBkEvBtBzIBvL~DGvD?vDEtDGFlWAzDpJMAuBA{BzAA|EE,ozt~FfwvuO
7/1/14 18:36,7/1/14 18:58,122_1,1353,Subscriber,Male,1972,41.891071,-87.6122,41.8810317,-87.62408432,11,1,1,7/1/14 18:58,sn__Gnj}uOiB{HgDfBkEvBtBzIBvL~DGvD?vDEtDGFlWAzDpJMAuBA{BzAA|EE,ozt~FfwvuOA_CsABqABDdD@j@@lCBhB?x@?JAZn@SjD?nCChEIVOHCtEIpAEh@IpCKrACpC?n@F`ATPLPXHBVJVN\Tt@|@n@lA`BpEd@~@d@p@~@x@t@`@v@Xn@Hj@@fB@?\@vH@hHF|H@pEBrDi@A
7/1/14 18:58,7/1/14 19:09,122_1,663,Customer,,NA,41.8810317,-87.62408432,41.882091,-87.639833,12,1,1,7/1/14 19:11,sn__Gnj}uOiB{HgDfBkEvBtBzIBvL~DGvD?vDEtDGFlWAzDpJMAuBA{BzAA|EE,y{r~FlbyuOeAAQL_AJ_@AIDIX@pID~D@dCDX@b@FhPDfQBdSFzK@rBk@@
7/1/14 19:11,7/1/14 19:17,122_1,378,Subscriber,Male,1978,41.882091,-87.639833,41.881487,-87.654752,13,1,1,0,0,cbs~Fbc|uOyENwFF?~G@lQ@nF?j@?fDA~DFvMFpMbCErICv@A@dBB|F@hD`@?
7/1/14 5:27,7/1/14 5:40,131_1,738,Subscriber,Male,1985,41.895769,-87.67722,41.869154,-87.671045,0,1,1,7/1/14 10:29,oqp~F`gbvOCaLnJGxBA@{CAcDIsSUci@IkWOoWI}MC_KAaCEmMEcNAqIGgPCuOCeIAqAvBEhDCvBI`AGRGNOhGIlHGtG@lA??yCCcEA{C,cwu~FvmcvO?^g@BAiA~AAxAAhBAvIMpMKx`@_@pJGhJMdOGtMIjEG\Ah@V^?`DE|DMtBGjECrEEfGGCaAE{EIiW
7/1/14 10:29,7/1/14 10:44,131_1,912,Subscriber,Male,1979,41.86012138,-87.62772919,41.886024,-87.624117,1,1,1,7/1/14 12:14,sn__Gnj}uOiB{HgDfBkEvBtBzIBvL~DGvD?vDEtDGFlWAzDpJMAuBA{BzAA|EE,}xn~FhxyuOD~I?xCmA?}B?wCAwDB_KLyCJqAJKIgGE[?uEBoBBSHQ?MNaHB}JFmJJD`KDhNa@Bm@h@aChBuAbAa@TiA`A]Jc@B[@_FN{PHcEBgMJkA?eBCyAIe@EKCQAOEQOY_@aAcBu@sAKc@G{@@_F?yHAaH@_G@sGAuB?s@FmAJsB?cB?eCAoE?w@|AAt@?
7/1/14 12:14,7/1/14 12:29,131_1,904,Subscriber,Male,1958,41.886024,-87.624117,41.889933,-87.634262,2,1,1,7/1/14 13:39,sn__Gnj}uOiB{HgDfBkEvBtBzIBvL~DGvD?vDEtDGFlWAzDpJMAuBA{BzAA|EE,uzs~Fx`yuOsC@AoAIwP`ECDdBBb@?`A?~AGF}DBE??hC@hH?PBpCBnEaADMBKDNRRd@Nj@Dh@@|C?dH?dIA|GSCcDDeBCq@AqBFuAAkA@?b@DbI
7/1/14 13:39,7/1/14 13:46,131_1,411,Subscriber,Male,1969,41.889933,-87.634262,41.897764,-87.642884,3,1,1,7/1/14 13:54,sn__Gnj}uOiB{HgDfBkEvBtBzIBvL~DGvD?vDEtDGFlWAzDpJMAuBA{BzAA|EE,kst~Fba{uOA|F}C@aDJ@bCDvCD|KAzCMRkD~BUNe@ZcAz@KPg@b@OHSFY@W?UCaD?aHHU@m@HFnGwB@mBFYD
7/1/14 13:54,7/1/14 14:04,131_1,583,Subscriber,Female,1983,41.897764,-87.642884,41.890749,-87.63206,4,1,1,7/1/14 14:28,sn__Gnj}uOiB{HgDfBkEvBtBzIBvL~DGvD?vDEtDGFlWAzDpJMAuBA{BzAA|EE,{cv~F|w|uOXElBGvBAGoGl@IvHK`D?TBV?XARGv@m@JQbA{@d@[TOjD_CLSbDwBIiMGgQEoK
7/1/14 14:28,7/1/14 14:31,131_1,178,Subscriber,Male,1977,41.890749,-87.63206,41.891738,-87.626937,5,1,1,7/1/14 15:10,sn__Gnj}uOiB{HgDfBkEvBtBzIBvL~DGvD?vDEtDGFlWAzDpJMAuBA{BzAA|EE,uxt~FjszuOG}TEgJCuGcB@{@@@xA?~@BpB?j@
7/1/14 15:10,7/1/14 15:28,131_1,1042,Subscriber,Male,1980,41.891738,-87.626937,41.907066,-87.667252,6,1,1,7/1/14 16:37,sn__Gnj}uOiB{HgDfBkEvBtBzIBvL~DGvD?vDEtDGFlWAzDpJMAuBA{BzAA|EE,a~t~FjsyuOLva@B`MBlHDvCeDF}C?\n@l@nAHXLt@J~FDlG@tJNhZ@vAAlEWpGWbEQ`CW`BYxA}@nCi@xAkAxCyB`Ga@z@}@zB[f@oAdBaAhA{@z@}BlBoAx@gCt@_B`@_@D}@?kAKi@@YHa@^Q\Id@AfADfAFlAB\u@|AgDzFiCnE{DjHg@~@qBlD{BdEkFHgJJGm@
7/1/14 16:37,7/1/14 16:42,131_1,290,Subscriber,Male,1993,41.907066,-87.667252,41.90332,-87.67273,7,1,1,7/1/14 19:33,sn__Gnj}uOiB{HgDfBkEvBtBzIBvL~DGvD?vDEtDGFlWAzDpJMAuBA{BzAA|EE,u}w~FtoavOEdA`DChLItCEBfFBrIDlM
7/1/14 19:33,7/1/14 19:40,131_1,422,Customer,,NA,41.90332,-87.67273,41.902893,-87.687275,8,1,1,7/1/14 19:50,sn__Gnj}uOiB{HgDfBkEvBtBzIBvL~DGvD?vDEtDGFlWAzDpJMAuBA{BzAA|EE,kfw~FpqbvO@rEF|LVde@L|]@f@
7/1/14 19:50,7/1/14 19:58,131_1,450,Subscriber,Male,1986,41.902893,-87.687275,41.917805,-87.682437,9,1,1,7/1/14 20:59,sn__Gnj}uOiB{HgDfBkEvBtBzIBvL~DGvD?vDEtDGFlWAzDpJMAuBA{BzAA|EE,ydw~FnlevOA_AcGDoVTaJJeBAkGDkDFyGBsC@}KLaDDA_FA_GI_K?cB[?
7/1/14 20:59,7/1/14 21:04,131_1,338,Subscriber,Female,1986,41.917805,-87.682437,41.912616,-87.681391,10,1,1,0,0,gaz~FxndvOtDClHI~FEHCd@@`CApBCCgE
7/1/14 7:58,7/1/14 8:03,135_1,323,Subscriber,Female,1973,41.921525,-87.707322,41.922695,-87.697153,0,1,1,7/1/14 8:12,sn__Gnj}uOiB{HgDfBkEvBtBzIBvL~DGvD?vDEtDGFlWAzDpJMAuBA{BzAA|EE,}wz~FpiivOH^LLPHNBP?\KXWJYF_@?yIEgP?}@E[iA@uDBsCFcB@EcRA{D?w@x@{Ap@sA
7/1/14 8:12,7/1/14 8:24,135_1,706,Subscriber,Male,1987,41.922695,-87.697153,41.907655,-87.672552,1,1,1,7/1/14 8:26,sn__Gnj}uOiB{HgDfBkEvBtBzIBvL~DGvD?vDEtDGFlWAzDpJMAuBA{BzAA|EE,e`{~FzigvOpE_JnGyLt@sA|AcDjDwGdHaNfCuE|BwDrCcFfFeJ~AuCtDsGt@uA`@s@CkAAgBIeKCmFEsFAwF?wBCyBdACjECxA@jJOxEG
7/1/14 8:26,7/1/14 8:52,135_1,1542,Subscriber,Male,1987,41.907655,-87.672552,41.87935636,-87.62979104,2,1,1,7/1/14 10:30,kqr~FdezuODfKFlN?bO@jFBnEBtBcBByCFeGBeGPyNL_ClDyAzBbEE,{ax~F~obvO|@@F^P]rFyJtBsDxCwFdCoElFsJf@_AzDkHhCoEfD{Ft@}A\i@ZIdBcAdCsAz@c@P]bCcAbB}@bBkArAoA`AeAz@eAj@_A|BgEFKfAmBtCyEtBgDn@iAz@eBr@uArC}EbAeBn@iA`B{ChAmBd@s@jAsAnCqCj@i@nDyBfBw@v@UhB]nAOfBGtFIvCA~BMxCEbIMxCEZJXBxBNjABjACj@EnAEb@Af@CXHPPR\^bAVZTNXHJ@ZAVINIX[HOPy@?q@KmAe@gFCq@Eg@GWC}DAcCEoM?wBIiNAaEHsKC{RAiE?_B[?sDFqFHyEDiBB@vA
7/1/14 10:30,7/1/14 10:36,135_1,363,Subscriber,Male,1970,41.88583274,-87.64138231,41.89384315,-87.64185116,3,1,1,7/1/14 11:19,{ku~Fpp|uO@lEcFJyADcECwB@mBFYDuIH}DBaMNsEH_FBcIFqOLkEJiDBgQLaOReJHA{AAuCAeIEqKsBBwFDyGH}BD,mys~Fdm|uOXA?rC?vCA~GyEH_CFS@eFDeCAyCC{EDGmGYyGY{IMRmChBa@VWPcBrAKPc@^IFQHWDU?e@C?hA
7/1/14 11:19,7/1/14 11:24,135_1,329,Subscriber,Male,1972,41.922167,-87.638888,41.921687,-87.653714,4,1,1,7/1/14 11:28,sn__Gnj}uOiB{HgDfBkEvBtBzIBvL~DGvD?vDEtDGFlWAzDpJMAuBA{BzAA|EE,q|z~Fj~{uO_CHGDAF@pMzDE@dNDzDFxOR|d@?j@
7/1/14 11:28,7/1/14 11:51,135_1,1403,Subscriber,Male,1974,41.921687,-87.653714,41.87935636,-87.62979104,5,1,1,7/1/14 13:01,sn__Gnj}uOiB{HgDfBkEvBtBzIBvL~DGvD?vDEtDGFlWAzDpJMAuBA{BzAA|EE,yyz~Ftz~uO?k@zACzRSxOSpEAxBCf@EtCC|CEp@E|AAvAC@jB?dBBnFHbWDhFBhF@lHBzJ@lCPS~@m@JMnA}@t@o@v@_AdA}ADKB[jEkFjAkAz@q@jAs@z@a@x@Yz@SlAQbAGrA@jERpBFtBCdBKjEo@dAU`Cy@zBy@`GuB~By@bB}@`BgAh@_@f@g@dAgAxAcBhDgGr@sAtAwBhCgEjB{C`BgDfCqEtA}BjC}ExAgCdA{A`EeEXWTUjC_BDCxAw@f@S^OpAWjBYbBIvEK~DA`ACnAI|BCbGKtFIb@Lf@BrCRfBEj@E|@C^Al@EZBTJTZ^`AR\XXTHRDP?XCh@_@NSPe@Fw@E}@i@kFIiBG]CMCcB?kBAaAEcN@gAGyFEmM@sCFwE?aOE{NmGJwNN@vA
7/1/14 13:01,7/1/14 13:05,135_1,252,Subscriber,Male,1970,41.87935636,-87.62979104,41.884451,-87.629892,6,1,1,7/1/14 13:13,sn__Gnj}uOiB{HgDfBkEvBtBzIBvL~DGvD?vDEtDGFlWAzDpJMAuBA{BzAA|EE,kqr~FdezuO@hE|BC~BAAcEA_BsCBaFFeIFuDDcCAyFB?vA
7/1/14 13:13,7/1/14 15:21,135_1,7697,Customer,,NA,41.884451,-87.629892,41.865212,-87.617759,7,1,1,7/1/14 16:46,kxo~F~ywuOB`AFLBBX@@~CaEh@_AD{@Gq@OmAe@o@a@wBuBkAgAeByAg@YeA_@{@MoACmBByFB_GBgJJ}C?_DFuJHyCFqFBqD?k@A_AM_@MkAu@UW]g@i@eA]gAe@kBc@{Ae@cAe@q@q@o@k@a@OGYKgASm@CeDPsDVcCRu@FyEFeD?{BIeC?wAB{CBqBJk@LaA^wFpDmJvFoBjAJ`@F\?b@BfG@fBBhKD`GDlJm@G_AC}@K?mB,_qs~FxezuO?rE`CAxB?vFGbGKtEE~MMpECxBCCsKGmHIeFAeHLeHAiECyEFOJUHOLKFIzCCd@?jF?h\S`DILLh@GtJuB|A]RYDG@GB_@EyC?mAWACAGKCOAu@
7/1/14 16:46,7/1/14 17:02,135_1,996,Subscriber,Female,1957,41.89766,-87.62351,41.88338,-87.64117,8,1,1,7/1/14 20:17,cjs~Frl|uOd@??_HAgF?sH?g@?oH_GBoG?,}bv~F|}xuOAsF?yAR?dBAj@?CyC?mCvBAlFC~CG`D@nBCjEIJzT@hA?NlAAxAAvACdB?d@DjFv@|@JC|BB\F\V^lDvCRZZx@Jl@@j@?nBC`LBvU@zD@|CLt@Tj@`BtC^d@\XdATHEd@@jAFbB@?H@`EBpJ?~GpEG
7/1/14 20:17,7/1/14 20:23,135_1,350,Subscriber,Male,1985,41.885837,-87.6355,41.886024,-87.624117,9,1,1,7/1/14 20:32,sn__Gnj}uOiB{HgDfBkEvBtBzIBvL~DGvD?vDEtDGFlWAzDpJMAuBA{BzAA|EE,oys~Fbh{uO}D?Ey@?u@BoD?mICgOA]A?A?O?mIB}BFcIJIaQA{@G{KCo@L?vACdB?d@DjFv@bBNh@B|DAT@B?D?Aw@?w@|AAt@?
7/1/14 20:32,7/1/14 20:50,135_1,1081,Subscriber,Female,1980,41.886024,-87.624117,41.864059,-87.623727,10,1,1,7/1/14 21:08,sn__Gnj}uOiB{HgDfBkEvBtBzIBvL~DGvD?vDEtDGFlWAzDpJMAuBA{BzAA|EE,uzs~Fx`yuOsC@AoAIwP`ECjHClBDvDEt@DnE^jCAPEPOv@AhKIj@AxFKfFCtFG~D?vGCtTMl@A`DILLLCA\?nBBdHbJEbEEhCG@dB@bC
7/1/14 21:08,7/1/14 21:12,135_1,253,Subscriber,Female,1977,41.864059,-87.623727,41.857611,-87.619407,11,1,1,0,0,sqo~Fh_yuOCiFbWQzMIA_DIyIB]HWRQ`@O
7/1/14 6:45,7/1/14 6:52,159_1,431,Subscriber,Male,1990,41.890749,-87.63206,41.897764,-87.642884,0,1,1,7/1/14 8:41,cdv~F~w|uO_VPaMRiGDyGDq@bA}CzEoL`RiA|AuABqCD{EBaGHs@EiAHgUTwCBaPP{SVaXZ_B@?f@,uxt~FjszuOA_EAcH_DBDvM@dCBdQHfK@lMMRmChBa@VQLiBvAKPc@^IFQHWD{@C_IDmCBo@HI@BjDBbBiA@{BBq@DGB
7/1/14 8:41,7/1/14 8:46,159_1,295,Subscriber,Male,1977,41.929143,-87.649077,41.932225,-87.658617,1,1,1,7/1/14 10:13,sn__Gnj}uOiB{HgDfBkEvBtBzIBvL~DGvD?vDEtDGFlWAzDpJMAuBA{BzAA|EE,wg|~Fv}}uOLlX@rBcA|A}BnDgDrFgHrKc@n@QZbAA
7/1/14 10:13,7/1/14 10:15,159_1,136,Subscriber,Male,1987,41.932225,-87.658617,41.93250008,-87.65268082,2,1,1,7/1/14 12:01,sn__Gnj}uOiB{HgDfBkEvBtBzIBvL~DGvD?vDEtDGFlWAzDpJMAuBA{BzAA|EE,k{|~Fxy_vOcA@?wBEeJGiNCuF\A
7/1/14 12:01,7/1/14 12:03,159_1,150,Subscriber,Male,1974,41.93250008,-87.65268082,41.936253,-87.653566,3,1,1,7/1/14 12:53,sn__Gnj}uOiB{HgDfBkEvBtBzIBvL~DGvD?vDEtDGFlWAzDpJMAuBA{BzAA|EE,c}|~Fzs~uO]@?bA@lB@bAwABsGFkJJAqA
7/1/14 12:53,7/1/14 13:12,159_1,1110,Subscriber,Male,1984,41.936253,-87.653566,41.911722,-87.626804,4,1,1,7/1/14 13:12,sn__Gnj}uOiB{HgDfBkEvBtBzIBvL~DGvD?vDEtDGFlWAzDpJMAuBA{BzAA|EE,wt}~Fxy~uOKcSEmFu@@oHFiJLQs]?oF@qFEoEEyEEaBIaAMk@|@g@NIx@mAb@{@v@kBZo@DOFa@|AyBVa@f@s@`DaFzAqBnAwA`Aw@hAy@bB_AfDoArB]fAM|@GtA?X?`@?xMDlCBtAEtAKpB]|IiBhAW~KcC`MkCfASdDc@pCc@jDu@pD_AzAe@vCcAnBy@vBcApAg@t@?`@ExDa@zC[fAUf@a@rAk@RI
7/1/14 13:12,7/1/14 13:49,159_1,2258,Customer,,NA,41.911722,-87.626804,41.94688,-87.65445,5,1,1,7/1/14 14:13,sn__Gnj}uOiB{HgDfBkEvBtBzIBvL~DGvD?vDEtDGFlWAzDpJMAuBA{BzAA|EE,s{x~FfqyuOuAj@i@^_@w@c@q@iAeAg@a@KNiAPUHyCdCwAfAc@TCHALKDcA`@mClA}Bx@QJUHeBl@cEhAcHpAwFv@{FnAaTtE]HgHvAyAXeALy@H}AFoRGaA?}CDsEr@}CjAkBfAeAx@uAjA}@dAkA|AsE`HeBfCiCnDeC`Cw@n@kCjBeAn@kAh@UFoD~AUJ_PbHcHhDaD~A_HdD{DtBsB|@y@Tw@HsABi@AoDG[UuAUeBUyAK?xA@l@?|@?TdAKn@MVA~BOh@EFjADXb@~MNzIJhY@|BpHElWWdAC
7/1/14 14:13,7/1/14 14:32,159_1,1139,Customer,,NA,41.94688,-87.65445,41.932684,-87.63625,6,1,1,7/1/14 21:20,sn__Gnj}uOiB{HgDfBkEvBtBzIBvL~DGvD?vDEtDGFlWAzDpJMAuBA{BzAA|EE,_w__Gn~~uOeAB?gBCmCGaNIkTaF{S_@aBxDkB~HwD~FgCdNeGh@Wt@UdAWdAQl@w@FKZOjBcA|@g@v@]lAm@`B_Ar@i@nB}@bBm@~Ag@jAUpAItBE`CGnAGd@GxAi@rCgA`A\TJ
7/1/14 21:20,7/1/14 21:44,159_1,1446,Subscriber,Male,1958,41.932684,-87.63625,41.891738,-87.626937,7,1,1,7/1/14 22:51,a~t~FjsyuOLva@B`MBlHDvCD|KAzCMRkD~BIDq@d@cAz@KPg@b@c@Pq@@UC?hA,k~|~Fzm{uO|FrBZJTVLJ`@YpDeCjIgFfE{BnCqAxCsA^SUaDIy@UcCPEpAm@nBmAtAm@FIFSnCk@`MkCfASdDc@pCc@jDu@pD_AzAe@vCcAnBy@vBcApAg@`KeEb@SJExAg@|@Uv@IpBCxB?hEKjD]|Cc@vUqDbEu@lAWz@]t@e@t@s@j@w@d@}@h@aBZ_BJeALoFH}ATy@b@m@bAs@rI}EvD_CnEiCtHsE~FkDdDsBb@DNAj@Cl@Ap@?f@JLHRTN~W?|HNn[D`H@lC
7/1/14 22:51,7/1/14 23:11,159_1,1174,Subscriber,Male,1990,41.89384315,-87.64185116,41.865861,-87.646611,8,1,1,7/1/14 23:11,sn__Gnj}uOiB{HgDfBkEvBtBzIBvL~DGvD?vDEtDGFlWAzDpJMAuBA{BzAA|EE,{ku~Fpp|uO?iATBV?XARGv@m@JQbA{@d@[TOjD_CLSHfBNrEV|G@t@FrFzBAzBCnDDzA?pFGnFOhBA@nB@vD?t@?RjAOn@Kl@CdBAD@b@Zx@?dCAP?~BMxCEdNQzFOzFQ~@G`CMz@AbB@lAD|BDdCKNFT@fBGzAKjAKhBMtFIdC@zA@dCUlCOz@IbBOpC@@fF?jA
7/1/14 23:11,7/1/14 23:21,159_1,592,Subscriber,Male,1990,41.865861,-87.646611,41.857901,-87.668745,9,1,1,0,0,y|o~Fhn}uO@p@mBBgCBS@DzH@|DFtS@dBZTjEnDtD|CvB|AfKnItD|CBfENp]DlM?v@BhMjDGlA?bBATBlIK
7/1/14 7:20,7/1/14 7:37,170_1,1018,Subscriber,Male,1978,41.872187,-87.661501,41.8807,-87.63947,0,1,1,7/1/14 8:04,sn__Gnj}uOiB{HgDfBkEvBtBzIBvL~DGvD?vDEtDGFlWAzDpJMAuBA{BzAA|EE,adq~Fvl`vO}HHuCDaI@}@@_GLEgNIuOMwYKgTIsSAaA?k@CgKAqC}BB{JHAqEC}JAg@
7/1/14 8:04,7/1/14 8:16,170_1,702,Subscriber,Male,1976,41.8807,-87.63947,41.890252,-87.622105,1,1,1,7/1/14 14:24,sn__Gnj}uOiB{HgDfBkEvBtBzIBvL~DGvD?vDEtDGFlWAzDpJMAuBA{BzAA|EE,sxr~Fta|uOGaO?iF?yAe@?wD@iJLwHBgF@iBAC[As@?iABcH@oCCuCA}GAqCDcI?gCCe@Ia@Mi@Wi@IQcCsB}@q@KOM[C}@BkA?a@SAKCg@GeAO}Dq@iB@gB?EqDCaFB?FADCLElBA
7/1/14 14:24,7/1/14 14:38,170_1,843,Customer,,NA,41.890252,-87.622105,41.891071,-87.6122,2,1,1,7/1/14 14:47,sn__Gnj}uOiB{HgDfBkEvBtBzIBvL~DGvD?vDEtDGFlWAzDpJMAuBA{BzAA|EE,cut~FftxuOrBAF@NCJMBSCUIOGCDyE@_@MAsBWwAIiAAEoHI_Z?o@EoJ
7/1/14 14:47,7/1/14 15:24,170_1,2202,Customer,,NA,41.891071,-87.6122,41.911722,-87.626804,3,1,1,7/1/14 15:29,sn__Gnj}uOiB{HgDfBkEvBtBzIBvL~DGvD?vDEtDGFlWAzDpJMAuBA{BzAA|EE,ozt~FfwvuOA_CsABqABDdD@j@@lCSv@WV_B@]FK@cA\]TQVIXyA`AaC|AmJvFsS`MqF`Dc@d@a@x@S|@Ep@KjEGjAOhAa@dBUl@c@z@[d@[\c@^o@d@y@VuE`AuGbAyEv@}LfBaBPo@DkABqDDeAF_@UeB[yAOw@?iARc@NIFYb@Y`@|@z@p@p@Z`@d@|@f@a@rAk@RI
7/1/14 15:29,7/1/14 15:57,170_1,1669,Customer,,NA,41.911722,-87.626804,41.92675599,-87.63442878,4,1,1,7/1/14 15:58,sn__Gnj}uOiB{HgDfBkEvBtBzIBvL~DGvD?vDEtDGFlWAzDpJMAuBA{BzAA|EE,s{x~FfqyuOuAj@i@^_@w@c@q@iAeAg@a@KNiAPUHyCdCwAfAc@TCHALKDcA`@mClA}Bx@QJUHeBl@cEhAcHpAwFv@{FnAsJrBs@OcB?uB@a@@_@JN~A@DVdCX`DZ|D_CfAiBx@Jl@
7/1/14 15:58,7/1/14 16:24,170_1,1542,Customer,,NA,41.92675599,-87.63442878,41.891071,-87.6122,5,1,1,7/1/14 16:25,sn__Gnj}uOiB{HgDfBkEvBtBzIBvL~DGvD?vDEtDGFlWAzDpJMAuBA{BzAA|EE,yy{~Fpb{uOKm@n@YxCsA^SUaDIy@UcCPEpAm@nBmAtAm@FIFSnCk@`MkCfASdDc@pCc@jDu@pD_AzAe@vCcAnBy@vBcApAg@vKqEd@SlAa@|@Uv@ItACtC?hEKjD]zUqDpEq@xE_Az@]XQZSt@s@j@w@d@}@h@aBZ_BJeABy@NyFLy@Zq@f@i@dFuCzEuCzM_IbDoB~FkDdDsBb@D`@CfACxBEn@SpB??Q?]?w@EwH
7/1/14 16:25,7/1/14 16:51,170_1,1575,Customer,,NA,41.891071,-87.6122,41.90096039,-87.62377664,6,1,1,7/1/14 17:13,sn__Gnj}uOiB{HgDfBkEvBtBzIBvL~DGvD?vDEtDGFlWAzDpJMAuBA{BzAA|EE,ozt~FfwvuOA_CsABqABDdD@j@@lCSv@WV_B@]FK@cA\]TQVIXyA`AaC|AmJvFoBjAJ`@F\WNYPA?sBtA}EpC{J~Fa@\OZCZXbU@V
7/1/14 17:13,7/1/14 17:52,170_1,2350,Customer,,NA,41.90096039,-87.62377664,41.936669,-87.636794,7,1,1,7/1/14 19:11,sn__Gnj}uOiB{HgDfBkEvBtBzIBvL~DGvD?vDEtDGFlWAzDpJMAuBA{BzAA|EE,exv~Fv`yuOeEw@gAM{@FgAPwCfAeAX]HqE~@QHKTyEv@}LfBaBPo@DkABqDDeAFqBFeAJu@PuBr@QHuMhFqEnB}Bx@QJUHeBl@cEhAcHpAwFv@oRbEsHbBe@JsJlB_CV}AFcE?kMGa@?}CDsEr@}CjAkBfAeAx@uAjA}@dAkA|AsE`HeBfCq@dAU@[ReCzB}AxAJ\J\DNZbAd@Wf@YdAe@bB}@|@m@hBaAbBq@lDeA\G
7/1/14 19:11,7/1/14 19:23,170_1,717,Customer,,NA,41.936669,-87.636794,41.918306,-87.636282,8,1,1,7/1/14 19:32,sn__Gnj}uOiB{HgDfBkEvBtBzIBvL~DGvD?vDEtDGFlWAzDpJMAuBA{BzAA|EE,cw}~Fhq{uOVE~AGhBE`EMx@QxEgBvAh@|EdBbA\TVLJ`@YpDeCnHuEbFmChHeD^SB^DrA@rJDnB~ISjVU~CCdAP|AaAJGNp@
7/1/14 19:32,7/1/14 19:38,170_1,371,Subscriber,Female,1957,41.918306,-87.636282,41.925858,-87.638973,9,1,1,7/1/14 21:58,sn__Gnj}uOiB{HgDfBkEvBtBzIBvL~DGvD?vDEtDGFlWAzDpJMAuBA{BzAA|EE,}dz~Fdn{uOOq@KFMAO?eCp@_DBiURa@@_JRBvCFzIs@@
7/1/14 21:58,7/1/14 22:09,170_1,628,Subscriber,Male,1990,41.925858,-87.638973,41.92888,-87.66317,10,1,1,0,0,qs{~Fn_|uOr@A@rD?dHFhNLtY@lBw@rAs@fAiCfEaEjGwElHs@dAF`NF~QFbKDxK
7/1/14 0:26,7/1/14 0:57,173_1,1839,Subscriber,Female,1988,41.886875,-87.62603,41.937725,-87.644095,0,1,1,7/1/14 6:45,sn__Gnj}uOiB{HgDfBkEvBtBzIBvL~DGvD?vDEtDGFlWAzDpJMAuBA{BzAA|EE,o_t~FrmyuOCeH?Q?_DLOCoF?g@AmH?ME?M?S?yCIPmCJqDR}KJcDC[JmII_@EIUKm@@S?uHD_ADqFAW?sB@YI_@KoBHi@B_ATiAh@{GjE}KvGgJtFuJxFcAp@_@d@OXOd@QfAQfGKnAO~@Qp@Sp@Yl@]j@_@h@UTs@l@q@Z{A^wDr@gHhAiFx@kKzAoBRi@?cDHyABeADaCJ{@PaAVuAh@k@TuLxEuB|@yAn@}Bx@[N}@^sBj@cCp@iCf@yCh@}Df@qB^wXdGkAX]HiKpBm@DoBLkA@}NGmB?yB@w@BmAPeC`@}CjAkBfAm@d@oAbA{A`BkA|AwDzFy@jAyBfD]DkEzDk@h@HXBHL`@\hALj@H`AJzHDnEApF?nFjBBfDElEI?m@
7/1/14 6:45,7/1/14 6:58,173_1,796,Subscriber,Female,1988,41.937725,-87.644095,41.915689,-87.6346,1,1,1,7/1/14 6:59,sn__Gnj}uOiB{HgDfBkEvBtBzIBvL~DGvD?vDEtDGFlWAzDpJMAuBA{BzAA|EE,i}}~Fp~|uOSy[gHFqDBG_AK_AGSd@Wf@YjAgBl@wA|@oBFg@rBwC|BmDrB}C`BqBlAiAh@c@lBmAl@[rCgAfCe@dCUpB?b@?rPHzAAdAEhC[`B_@lHyAhIkBjR_EdJsAzFqAhCs@jEyA`EeB|@c@x@[t@?`AK|Gs@b@PZN^d@Ph@Dv@@nAY~A[|@{@zB}@vCWzAMxACh@Ft@PpA\|AeFlC_GxC[P
7/1/14 6:59,7/1/14 7:22,173_1,1385,Subscriber,Female,1988,41.915689,-87.6346,41.882242,-87.641066,2,1,1,7/1/14 7:52,sn__Gnj}uOiB{HgDfBkEvBtBzIBvL~DGvD?vDEtDGFlWAzDpJMAuBA{BzAA|EE,mty~Fdb{uOfEwBtIsE[{@G[Ks@Cc@Aa@Bm@HuABMRoAV_Ab@oAt@kB\{@VkALuA?iAGeAAu@GgA@]@YJS^Wd@MvB]JAv@I|@S`@CfDGjAKvDe@dUkDrDm@nCk@dAWdAk@h@e@d@g@p@eAh@qA`@}APuAFmADcBLoDLo@Pc@PWh@c@rFaDpFeDxEoCvFgDjHiEdDuBpAu@XBP@b@EnBAfAEn@SjD?nCChEInFAPBHFH\?|@H^Cz@OdK?nAGlDYfKGfAk@jHObCExB@~BEfEJz@V^pB`B`A|@Xf@Nd@Jl@@jBChKBpV@lJHz@Jd@j@~@vAdCZ^j@TL@ZFHElADfCDDvL?dLtLM
7/1/14 7:52,7/1/14 8:08,173_1,993,Subscriber,Male,1986,41.882242,-87.641066,41.857611,-87.619407,3,1,1,7/1/14 9:26,sn__Gnj}uOiB{HgDfBkEvBtBzIBvL~DGvD?vDEtDGFlWAzDpJMAuBA{BzAA|EE,_cs~Fll|uOlAA?`BBdEBtN@fA?@?j@NFPDZArIIjJK`AA^L|CMz@GfCMx@An@?`BDfADjB?jBIb@IzBS`Ea@`Iq@lAGdLo@jHOdC?fEAn@ArCCbHKHXPBrC@`EInGITBtAb@vAEAoA?k@AkAC_KGeK?eEEiFCsFCaD@aGE_OEsLMqXI}WIyIB]HWRQ`@O
7/1/14 9:26,7/1/14 9:38,173_1,712,Subscriber,Male,1945,41.857611,-87.619407,41.849237,-87.631715,4,1,1,7/1/14 19:06,sn__Gnj}uOiB{HgDfBkEvBtBzIBvL~DGvD?vDEtDGFlWAzDpJMAuBA{BzAA|EE,_in~FpdxuOi@TGFKTCZD`IB|C?`@bKG~GIzEEfEGHKtFAnGEtGEG~@Gv@ArA\tHHt@TnAhBdI|ACvHCLv[?j@_Ep@c@By@FqA@A?e@Ec@MiA]_@E?YE[SO[M]IgAAM@CB?bA
7/1/14 19:06,7/1/14 19:19,173_1,763,Subscriber,Male,1945,41.849237,-87.631715,41.857611,-87.619407,5,1,1,7/1/14 19:19,sn__Gnj}uOiB{HgDfBkEvBtBzIBvL~DGvD?vDEtDGFlWAzDpJMAuBA{BzAA|EE,ctl~FdqzuO?j@sDDyGFiGDAsC?cB?qCEqDAcHLkIEaMCgE?iCiMJwMLsA@A}BCkDC{DD[LSl@Y
7/1/14 19:19,7/1/14 19:32,173_1,807,Subscriber,Male,1945,41.857611,-87.619407,41.867888,-87.623041,6,1,1,7/1/14 19:33,sn__Gnj}uOiB{HgDfBkEvBtBzIBvL~DGvD?vDEtDGFlWAzDpJMAuBA{BzAA|EE,_in~FpdxuOi@TGFKTCZD`IB|CyMH_TLsLDcIH_@B?d@B`A
7/1/14 19:33,7/1/14 19:39,173_1,415,Subscriber,Male,1945,41.867888,-87.623041,41.857611,-87.619407,7,1,1,7/1/14 19:40,sn__Gnj}uOiB{HgDfBkEvBtBzIBvL~DGvD?vDEtDGFlWAzDpJMAuBA{BzAA|EE,egp~FzzxuODjEA\V?f@?FKpEEhHEnZQ|JExACAmHA_DCkDC{DD[LSl@Y
7/1/14 19:40,7/1/14 19:41,173_1,65,Subscriber,Female,1985,41.857611,-87.619407,41.857611,-87.619407,8,1,1,7/1/14 19:57,sn__Gnj}uOiB{HgDfBkEvBtBzIBvL~DGvD?vDEtDGFlWAzDpJMAuBA{BzAA|EE,_in~FpdxuO
7/1/14 19:57,7/1/14 20:11,173_1,854,Subscriber,Male,1992,41.857611,-87.619407,41.879255,-87.639904,9,1,1,0,0,_in~FpdxuOi@TGFKTCZD`INjc@HrLBbLFrO@nM@bBBjGBlBqB@eJHmBByJNaYVgF@{EHgBBiKLiOHaAFOF_@No@DkCB{ADs@D{@CmBSaC@gFBuAB?z@
7/1/14 13:00,7/1/14 13:05,185_1,349,Subscriber,Male,1994,41.869417,-87.660996,41.871737,-87.65103,0,1,1,7/1/14 15:17,w_q~Fpn~uOBdBjKGCsDHm@?q@G_MG{IUqH?UEIAW?IAcAC{DAeH{CDiHFyHFcDFAmBAyF?kDIsR?uCCyGA{GoEDGcT?_B[?sDFkMNiBB@vA,orp~Fdh`vO[i{@Hm@U?y@BSKoFBoBD
7/1/14 15:17,7/1/14 15:31,185_1,799,Subscriber,Female,1974,41.87935636,-87.62979104,41.877749,-87.649633,1,1,1,7/1/14 16:47,sn__Gnj}uOiB{HgDfBkEvBtBzIBvL~DGvD?vDEtDGFlWAzDpJMAuBA{BzAA|EE,kqr~FdezuODfKFlN?bO@jFBnEDxF@nMD|O?P@bA?xBDdLBhF~FI^?
7/1/14 16:47,7/1/14 17:01,185_1,820,Subscriber,Female,1977,41.877749,-87.649633,41.867227,-87.625961,2,1,1,7/1/14 18:43,sn__Gnj}uOiB{HgDfBkEvBtBzIBvL~DGvD?vDEtDGFlWAzDpJMAuBA{BzAA|EE,}fr~Fx`~uO_@?A}AA}DGgLAaB?S?e@CsFbCApHOL?x@ChAA|VW|W_@T?AcDA}BCiHAyDAqIGgPCuOCeICoGI{PAkCAu@LAN?
7/1/14 18:43,7/1/14 19:00,185_1,1067,Customer,,NA,41.867227,-87.625961,41.876243,-87.624426,3,1,1,7/1/14 19:03,sn__Gnj}uOiB{HgDfBkEvBtBzIBvL~DGvD?vDEtDGFlWAzDpJMAuBA{BzAA|EE,eep~FhlyuO]@CcEA_D_FCkC@cE@oED{BFaGBqFF{GBmF?Eb@xCA
7/1/14 19:03,7/1/14 19:20,185_1,1019,Customer,,NA,41.876243,-87.624426,41.89766,-87.62351,4,1,1,7/1/14 20:06,sn__Gnj}uOiB{HgDfBkEvBtBzIBvL~DGvD?vDEtDGFlWAzDpJMAuBA{BzAA|EE,o}q~FfcyuOpB?dBClCCK]e@{@_@g@a@_@WMy@YuACY@YJ_@P]VuAxAU`@QAe@?cKL_ED_GK{BC{A@_CB[@sA@a@FkBNkGN_KBsAC{AO_Eo@cAQiB@iHFwEDiKJ_D@}AF[AiBMcACcAKEA?mB
7/1/14 20:06,7/1/14 20:24,185_1,1037,Subscriber,Female,1988,41.89766,-87.62351,41.88583274,-87.64138231,5,1,1,7/1/14 20:40,sn__Gnj}uOiB{HgDfBkEvBtBzIBvL~DGvD?vDEtDGFlWAzDpJMAuBA{BzAA|EE,}bv~F|}xuOAsF?yAR?dBAj@?@fBDlJ@\`@B\@j@?dECvCEvE?tFCz@Ad@?`HOl@?dAJjEp@n@LD@Aj@?`ABXPl@V\lAbAzApANRRd@Nj@Dh@@|CArJ@tUAlF@fCJr@FXb@x@dBvCLPVPLH`@DAn@@rF?dD?tB_ClDyAzBbEE
7/1/14 20:40,7/1/14 20:44,185_1,223,Subscriber,Female,1987,41.88583274,-87.64138231,41.882242,-87.641066,6,1,1,7/1/14 20:51,sn__Gnj}uOiB{HgDfBkEvBtBzIBvL~DGvD?vDEtDGFlWAzDpJMAuBA{BzAA|EE,mys~Fdm|uOlUW
7/1/14 20:51,7/1/14 20:53,185_1,139,Subscriber,Male,1989,41.882242,-87.641066,41.88175,-87.6478,7,1,1,7/1/14 21:02,sn__Gnj}uOiB{HgDfBkEvBtBzIBvL~DGvD?vDEtDGFlWAzDpJMAuBA{BzAA|EE,_cs~Fll|uOlAA?`BBdEBtN@~CBlJ
7/1/14 21:02,7/1/14 21:14,185_1,708,Subscriber,Male,1989,41.88175,-87.6478,41.89102,-87.6173,8,1,1,7/1/14 21:32,sn__Gnj}uOiB{HgDfBkEvBtBzIBvL~DGvD?vDEtDGFlWAzDpJMAuBA{BzAA|EE,c`s~Fvu}uOCmJ?i@S?eA?uD?aDAKIQSu@@Y?qBHqBZqA\mC`AkBv@YPiDtB{@v@uApA[XwBjCy@tAiEtHa@Pm@b@o@Ng@CYMSQ]k@Ss@QcBNiEDuA?cDEgU?s@?qEIaAAeGCm@AiE@gEFqEJaDGoQCwHCyGtAAlFCKgY?i@I{LCcCIqKA{@CuCBQBkBIsP
7/1/14 21:32,7/1/14 21:54,185_1,1340,Customer,,NA,41.89102,-87.6173,41.92675599,-87.63442878,9,1,1,7/1/14 21:56,sn__Gnj}uOiB{HgDfBkEvBtBzIBvL~DGvD?vDEtDGFlWAzDpJMAuBA{BzAA|EE,czt~FbwwuOE{SyBAKGMKKOoC?i@HcA\]TQVIXyA`AaC|AmJvFsS`MqF`Dc@d@a@x@S|@Ep@KjEGjAOhAa@dBUl@c@z@[d@[\c@^o@d@y@VuE`AuGbAyEv@}LfBaBPo@DkABqDDeAFqBFeAJu@PuBr@QHuMhFqEnB}Bx@QJUHeBl@cEhAcHpAwFv@oRbEs@OcB?uB@a@@_@JN~A@DDd@j@`GZ|D_CfAiBx@Jl@
7/1/14 21:56,7/1/14 22:10,185_1,848,Customer,,NA,41.92675599,-87.63442878,41.933341,-87.648747,10,1,1,0,0,yy{~Fpb{uOIHiAd@IEM_@gEzBkIfFqDdC_BnAY\qAtBgAtBQZm@l@w@n@L~KH~PFhMFlK?xAeA@]?As@
7/1/14 7:19,7/1/14 7:27,209_1,456,Subscriber,Male,1984,41.884728,-87.619521,41.87817,-87.631985,0,1,1,7/1/14 8:47,iir~FzrzuOCuLA_BsCBiBBB`HB`D?jAFbJ?bE?rK?HBpGDvI,eqs~F~dxuOEfLFzK?fCAb@Z?dACvCCdFC~BKdBAXF`GEHpIDzHLjW?jAB|@b@?l@?nB?t@??_A
7/1/14 8:47,7/1/14 8:53,209_1,376,Subscriber,Male,1967,41.879255,-87.639904,41.888243,-87.63639,1,1,1,7/1/14 8:55,sn__Gnj}uOiB{HgDfBkEvBtBzIBvL~DGvD?vDEtDGFlWAzDpJMAuBA{BzAA|EE,spr~Fld|uOBlF?hH{FFAqECeHEmKC{E?_@?aF?yAe@?wD@mDD{DF{BByH?iB@mB?E?UDKF{CxCcA`A
7/1/14 8:55,7/1/14 8:59,209_1,266,Subscriber,Male,1989,41.888243,-87.63639,41.88583274,-87.64138231,2,1,1,7/1/14 9:06,sn__Gnj}uOiB{HgDfBkEvBtBzIBvL~DGvD?vDEtDGFlWAzDpJMAuBA{BzAA|EE,}gt~Fpo{uOi@b@w@b@iAJYAoA?uAC?i@dDA@\?PD|HAbBHbCA~@CnA@zDj@?jBCfAAhLI
7/1/14 9:06,7/1/14 9:13,209_1,406,Subscriber,Male,1958,41.88583274,-87.64138231,41.878724,-87.634793,3,1,1,7/1/14 10:53,sn__Gnj}uOiB{HgDfBkEvBtBzIBvL~DGvD?vDEtDGFlWAzDpJMAuBA{BzAA|EE,mys~Fdm|uO~[]~B@EcNGqJ?cICeH|BC`GE?lE
7/1/14 10:53,7/1/14 10:59,209_1,327,Subscriber,Male,1981,41.878724,-87.634793,41.87935636,-87.62979104,4,1,1,7/1/14 11:14,sn__Gnj}uOiB{HgDfBkEvBtBzIBvL~DGvD?vDEtDGFlWAzDpJMAuBA{BzAA|EE,_mr~Fld{uO@zA_C@}FBCeHGqQrDEfEE~BAAcEA_BsCBiBB@vA
7/1/14 11:14,7/1/14 11:17,209_1,230,Subscriber,Male,1981,41.87935636,-87.62979104,41.878724,-87.634793,5,1,1,7/1/14 11:52,sn__Gnj}uOiB{HgDfBkEvBtBzIBvL~DGvD?vDEtDGFlWAzDpJMAuBA{BzAA|EE,kqr~FdezuODfKBlBBdH|BA?lE
7/1/14 11:52,7/1/14 11:58,209_1,384,Subscriber,Male,1981,41.878724,-87.634793,41.885837,-87.6355,6,1,1,7/1/14 12:09,sn__Gnj}uOiB{HgDfBkEvBtBzIBvL~DGvD?vDEtDGFlWAzDpJMAuBA{BzAA|EE,_mr~Fld{uO@zA_C@cHBeJF{DF{BByH?U?
7/1/14 12:09,7/1/14 12:16,209_1,445,Subscriber,Male,1981,41.885837,-87.6355,41.878724,-87.634793,7,1,1,7/1/14 13:22,sn__Gnj}uOiB{HgDfBkEvBtBzIBvL~DGvD?vDEtDGFlWAzDpJMAuBA{BzAA|EE,oys~Fbh{uO}D?Ey@?u@BcD?Gt@CzC?FApFE|FC~FKdGA`GG|BA?lE
7/1/14 13:22,7/1/14 13:28,209_1,398,Subscriber,Male,1985,41.878724,-87.634793,41.882134,-87.625125,8,1,1,7/1/14 13:49,sn__Gnj}uOiB{HgDfBkEvBtBzIBvL~DGvD?vDEtDGFlWAzDpJMAuBA{BzAA|EE,_mr~Fld{uO@zA_C@}FBCeHGqQCwICoGCyDAw@?s@G[GoI@m@u@AeAAQL_AJ_@AIDIX?zB
7/1/14 13:49,7/1/14 13:54,209_1,302,Subscriber,Male,1964,41.882134,-87.625125,41.882091,-87.639833,9,1,1,7/1/14 14:00,sn__Gnj}uOiB{HgDfBkEvBtBzIBvL~DGvD?vDEtDGFlWAzDpJMAuBA{BzAA|EE,ebs~F~gyuOFtK@dCDX@b@FhPDfQBdSFzK@rBk@@
7/1/14 14:00,7/1/14 14:30,209_1,1792,Customer,,NA,41.882091,-87.639833,41.865212,-87.617759,10,1,1,7/1/14 17:33,kxo~F~ywuOB`AFLBBX@BvE@RYX]NkE`AmFfA]DOHKNaDHm@@m@@mYNkF?gFBs@BI?Cn@E`@D|F?f@@tBPzEBtAH`M@jJ@fBaA@oDHDpNBdE}F@?{C,cbs~Fbc|uOyENwFF?~G@lQ@nF?j@?f@b@HxCAfCA`@Db@R|MS`DCdFMlEKlBM|COhBAxBFhADv@?dCKj@KjCUjNoAnJk@bCKjHOlG?pBCrHIjNQpMOPAx@?LLJFNF|@H`BZpDv@hHbBxBf@pAPx@DbCO~A]~Ag@t@YxGcDd@UTQz@e@lBcAvBeAjBgA\a@Xo@HWNcAB{@C{@c@uCg@{DSsCEwCE}JHqAd@qBZcBDy@Cs@Gi@Oo@k@}AYiASmAQmBGYDsALuB\yC\cDLwC?iBEuAS_CaBcJk@gEOaCIyE?yCKmTE_LCkDCgGI}@WoAUo@k@cAY[eAy@ICu@S_@CeA@e@HsA\cCr@yBp@aD~@sAh@g@ROPKX[PwAx@y@f@cCxA}At@qAd@}IjDsBx@[NeFpB}B|@iExAmEjAaB\iCb@eG|@aBNAqA?mAWACAGKCOAu@
7/1/14 17:33,7/1/14 17:59,209_1,1590,Subscriber,Male,1988,41.87817,-87.631985,41.83104,-87.62688,11,1,1,7/1/14 20:58,sn__Gnj}uOiB{HgDfBkEvBtBzIBvL~DGvD?vDEtDGFlWAzDpJMAuBA{BzAA|EE,iir~FzrzuOA}@?sDxDEpECzA?@lEBzJC|DC`FD`PDxNFjIM`@IrAAjCGfBIf@IV{@pAYh@Or@Eb@?h@Jx@Rr@V^`@Z`@JZDXCVIHCb@[r@q@pAkAd@Wh@Qp@Mt@?p@Iv@C`@?XGTAn@Ez@En@Gb@KxA_@`AWtD_@LEJOlAGdLo@jHOdC?fEAv@AhHIzHItGItJMvCA~@FvAN|AZbNfCpBLtA?fCI|Bk@z@Uj@UnEwBjBcAfAs@TS`A}@v@gA`@m@b@{@Vi@j@iBVkAX}AvBoNpAiJpAeJD]FGBC`AqD`@eA`@w@lA}Af@i@h@c@lAu@`@Sz@YnAUhAE~DIrAAvLc@dEExKOtDC~A?PJPHnCNfEPn@DPJnD@ZCAe@?k@?mBAU?q@AiAKiAAiBEyK
7/1/14 20:58,7/1/14 22:21,209_1,5002,Customer,,NA,41.83104,-87.62688,41.834734,-87.625813,12,1,1,0,0,ybi~F~ryuO?oAwCAuECkHDaA@?oB?W
7/1/14 7:39,7/1/14 7:49,217_1,589,Subscriber,Male,1990,41.903233,-87.631253,41.886024,-87.624117,0,1,1,7/1/14 8:08,uzs~Fx`yuOsC@AoAIwP`ECjHC?YJmIKsIAyLAiCCs@@y@@G@q@i@Gi@Is@EsADmBNuDTs@Lo@n@GLITKdCI^Cz@OdKAdCS|JQfDa@xFSnCGfAExB@lDExCJz@V^pB`B`A|@Xf@Nd@Jl@@jBA~AAhH@vFBzQ?rE?v@Dj@Nt@bCdEZ^j@TL@ZFHElADjADz@??RB|G@jPpEG,efw~FhozuO`[U`LIdJM`D@~CErFGlFCE}NEgJCuGIqFpBCjB@bBR`Df@lBPjABtCAJ?H?AoBrCA
7/1/14 8:08,7/1/14 8:24,217_1,969,Subscriber,Female,1957,41.88338,-87.64117,41.89691,-87.621743,1,1,1,7/1/14 8:42,sn__Gnj}uOiB{HgDfBkEvBtBzIBvL~DGvD?vDEtDGFlWAzDpJMAuBA{BzAA|EE,cjs~Frl|uOd@??_HAgF?sH?g@?A?OyBBaCBaCAiAE_@Eq@QSM]]iBcDSa@Gk@As@?iABcH@oCCuCA}GAqCDcI?gCCe@Ia@Mi@Wi@IQcCsB}@q@KOM[C}@BkA?a@SAKCg@GeAO}Dq@_JFkGFiKJ_D@}AF[Aa@Ai@EAoBEkG?yAI?Q?
7/1/14 8:42,7/1/14 8:57,217_1,934,Subscriber,Male,1949,41.89691,-87.621743,41.87935636,-87.62979104,2,1,1,7/1/14 10:35,kqr~FdezuODfKBlBaC@eKHiBNOKi@@wDE_HB}EBqBDk@AcDDeBCq@AqBF?gBCwFA_FE_I?w@,u~u~FlsxuOZ?CyCCiKEoJ?c@G]pCcBbDoB~FkDdDsB`@Qz@S`@EbBAvA?lB@bQOtCC^?N?`A?pACpAEn@AnBFt@Db@Hr@RTHNJh@\t@|@Xd@r@bBl@dBd@nAh@|@v@v@h@`@bAd@z@Pb@B|B@zMOZ@?\DfIDtFBxN@pE?b@sDFcA@?b@HnJL|T
7/1/14 10:35,7/1/14 10:42,217_1,434,Subscriber,Male,1963,41.88918,-87.6277,41.89384315,-87.64185116,3,1,1,7/1/14 12:58,sn__Gnj}uOiB{HgDfBkEvBtBzIBvL~DGvD?vDEtDGFlWAzDpJMAuBA{BzAA|EE,{nt~FbxyuODpI?d@cDF_IFF|QBdQHfK@lMMRmChBa@VQLiBvAKPc@^IFQHWD{@C?hA
7/1/14 12:58,7/1/14 13:09,217_1,677,Subscriber,Male,1957,41.89384315,-87.64185116,41.890252,-87.622105,4,1,1,7/1/14 13:25,sn__Gnj}uOiB{HgDfBkEvBtBzIBvL~DGvD?vDEtDGFlWAzDpJMAuBA{BzAA|EE,{ku~Fpp|uO?iATBV?XARGv@m@JQbA{@d@[TOjD_CLSbDwBIiMGgQEwNI{TCaGGuKM_LCmEAsDDoAbCJfA@tAPEnE?HG?G?sBFsB@GLCCMCMBILCP@RHNLDNCNGlBA
7/1/14 13:25,7/1/14 13:36,217_1,659,Customer,,NA,41.890252,-87.622105,41.891071,-87.6122,5,1,1,7/1/14 13:53,sn__Gnj}uOiB{HgDfBkEvBtBzIBvL~DGvD?vDEtDGFlWAzDpJMAuBA{BzAA|EE,cut~FftxuOrBAF@NCJMBSCUIOGCDyE@_@MAsBWwAIiAAEoHI_Z?o@EoJ
7/1/14 13:53,7/1/14 14:16,217_1,1417,Customer,,NA,41.891071,-87.6122,41.8847302,-87.62773357,6,1,1,7/1/14 17:32,sn__Gnj}uOiB{HgDfBkEvBtBzIBvL~DGvD?vDEtDGFlWAzDpJMAuBA{BzAA|EE,ozt~FfwvuOA_CsABqABDdD@j@@lCBhB?x@?JAZn@SjD?nCChEInFAPBHFH\?|@H^Cz@GLGXYhMG`F?lCEpCEn@A^?HIfAc@xFKdBIrB@nA?fBCbB?`ABXPl@V\lAbAzApANRRd@Nj@Dh@@|CAVVAF?dBAfBCTKnDE
7/1/14 17:32,7/1/14 17:47,217_1,866,Subscriber,Female,1987,41.8847302,-87.62773357,41.867227,-87.625961,7,1,1,7/1/14 18:09,sn__Gnj}uOiB{HgDfBkEvBtBzIBvL~DGvD?vDEtDGFlWAzDpJMAuBA{BzAA|EE,qrs~FjyyuOlDExAC~JIxCGAaCAyAAiAG[r@Ab@?n@?tRStFCdBCtA?|BCrJG|IG`GExFKbBBf@CN?
7/1/14 18:09,7/1/14 18:30,217_1,1286,Subscriber,Male,1981,41.867227,-87.625961,41.894666,-87.638437,8,1,1,7/1/14 18:33,sn__Gnj}uOiB{HgDfBkEvBtBzIBvL~DGvD?vDEtDGFlWAzDpJMAuBA{BzAA|EE,eep~FhlyuO]@Y@?d@@zCBhC?xEDvEBxCmDDmBB_AAQ?MNaHBqEDyOLD`K@vAqBB{B@ClGCfFBrNDjK@bFDlD@rBGNKz@I~BIt@G`@]bAW`@[\o@d@g@TmCr@y@Rw@@{FEMBMHsABgCBiA@}E@cHDkCDmDHk@FmAP}@TuC`A]L_CfAC@eDrBy@r@CBUTaA|@uBdCcAzAcElHU^ODIDk@b@k@RU@Q?YIYO]g@Ww@K{@Iq@FiAD_BHkDEwUAcJIaAAyFCa@AwC?uDHmHJaD}C?}CBaDDBhG
7/1/14 18:33,7/1/14 18:47,217_1,824,Subscriber,Male,1970,41.894666,-87.638437,41.913688,-87.652855,9,1,1,7/1/14 20:09,sn__Gnj}uOiB{HgDfBkEvBtBzIBvL~DGvD?vDEtDGFlWAzDpJMAuBA{BzAA|EE,spu~Fz{{uOmDDiE?ATDtGBnHFnGDzFFtQ?p@?p@q@@}DPE@OF[?_A@cDBaJRoIPuC@sPLgWR[?cAfBmBvCqD`GuGvJeAdBg@DAkA
7/1/14 20:09,7/1/14 20:21,217_1,731,Subscriber,Male,1994,41.913688,-87.652855,41.910579,-87.638618,10,1,1,7/1/14 21:40,sn__Gnj}uOiB{HgDfBkEvBtBzIBvL~DGvD?vDEtDGFlWAzDpJMAuBA{BzAA|EE,}gy~Fju~uO@jAf@EdAeBtGwJpDaGCwFEeLAgCIoJHk@CoFEuFAaNxAC
7/1/14 21:40,7/1/14 21:54,217_1,822,Subscriber,Female,1987,41.910579,-87.638618,41.90345,-87.667747,11,1,1,7/1/14 22:02,sn__Gnj}uOiB{HgDfBkEvBtBzIBvL~DGvD?vDEtDGFlWAzDpJMAuBA{BzAA|EE,ctx~Fb|{uOpSQtFIrDCzGI@fPBbLJ|WTbg@HjJ?lHBlGF`O@fAH`TFnR
7/1/14 22:02,7/1/14 22:08,217_1,346,Subscriber,Male,1987,41.90345,-87.667747,41.902893,-87.687275,12,1,1,7/1/14 22:22,sn__Gnj}uOiB{HgDfBkEvBtBzIBvL~DGvD?vDEtDGFlWAzDpJMAuBA{BzAA|EE,yfw~FjravOJ~[BxGF|LVde@L|]@f@
7/1/14 22:22,7/1/14 22:28,217_1,373,Subscriber,Male,1987,41.902893,-87.687275,41.915533,-87.687051,13,1,1,0,0,ydw~FnlevOA_AcGDoVTaJJeBAkGDkDFyGBsC@oEFf@s@
7/1/14 8:50,7/1/14 9:06,231_1,992,Subscriber,Female,1982,41.903233,-87.631253,41.878724,-87.634793,0,1,1,7/1/14 9:17,sn__Gnj}uOiB{HgDfBkEvBtBzIBvL~DGvD?vDEtDGFlWAzDpJMAuBA{BzAA|EE,qew~FhnzuODzI~NOjUQjLKzKIdFCpFGlAAbD@hCE~BM`DCTFbCArFGrBEhC@rBAp@@h@@`@ANKhBOBtB?lDdC@|FG`GE?lE
7/1/14 9:17,7/1/14 9:33,231_1,967,Subscriber,Female,1976,41.878724,-87.634793,41.893992,-87.629318,1,1,1,7/1/14 10:51,sn__Gnj}uOiB{HgDfBkEvBtBzIBvL~DGvD?vDEtDGFlWAzDpJMAuBA{BzAA|EE,_mr~Fld{uO@zA_C@cHBeJF{DF{BByH?iB@iBAC[As@?]BmD@qHEmNAwAA?K?kHBiIN_SPaDD?sA
7/1/14 10:51,7/1/14 12:15,231_1,5050,Customer,,NA,41.893992,-87.629318,41.893992,-87.629318,2,1,1,7/1/14 13:24,sn__Gnj}uOiB{HgDfBkEvBtBzIBvL~DGvD?vDEtDGFlWAzDpJMAuBA{BzAA|EE,{lu~FfbzuO
7/1/14 13:24,7/1/14 13:32,231_1,487,Subscriber,Female,1984,41.893992,-87.629318,41.903233,-87.631253,3,1,1,7/1/14 15:16,sn__Gnj}uOiB{HgDfBkEvBtBzIBvL~DGvD?vDEtDGFlWAzDpJMAuBA{BzAA|EE,{lu~FfbzuOCmFqABmA@@zH}EBgCDcJFeC?kCFBbHyKJuGB
7/1/14 15:16,7/1/14 15:24,231_1,467,Subscriber,Male,1972,41.903233,-87.631253,41.912202,-87.634664,4,1,1,7/1/14 17:08,sn__Gnj}uOiB{HgDfBkEvBtBzIBvL~DGvD?vDEtDGFlWAzDpJMAuBA{BzAA|EE,qew~FhnzuO@tDBdCcABeEBaQNuKLqJFApF@vAmCBy@@
7/1/14 17:08,7/1/14 17:22,231_1,860,Subscriber,Male,1962,41.912202,-87.634664,41.916017,-87.668879,5,1,1,7/1/14 17:31,sn__Gnj}uOiB{HgDfBkEvBtBzIBvL~DGvD?vDEtDGFlWAzDpJMAuBA{BzAA|EE,g~x~Fbd{uOfEE?~GJvUBfNDpFLj@DhCDlH@vCD|LPb_@Nlc@DnG@`EDnMkB~@mAx@yAjAcBjA[^wDjBuFpC}@f@{@l@c@X}AfAMDI@WP{CpB{@x@s@v@e@n@Ah@?z@@n@@hB?XxBiChB{Cz@mAlAsA
7/1/14 17:31,7/1/14 17:42,231_1,644,Subscriber,Male,1990,41.916017,-87.668879,41.939743,-87.658865,6,1,1,7/1/14 18:21,sn__Gnj}uOiB{HgDfBkEvBtBzIBvL~DGvD?vDEtDGFlWAzDpJMAuBA{BzAA|EE,gvy~FdyavOrAuAHYz@m@z@e@`DeBbHkDD@FBH?|@[lF}Ah@Qf@[DhKgJHoMJoG@{EGa@B_BZsEt@qHl@wEb@[?_Fy@yDe@s@Gm@?sGB{ABqDJaHDkUV_QVgDB_EFuMNY?[PoA?AsAK_XIsPGyK?mAR?
7/1/14 18:21,7/1/14 18:24,231_1,234,Subscriber,Male,1980,41.939743,-87.658865,41.943739,-87.66402,7,1,1,7/1/14 19:40,sn__Gnj}uOiB{HgDfBkEvBtBzIBvL~DGvD?vDEtDGFlWAzDpJMAuBA{BzAA|EE,kj~~Fn{_vOS??lAFxKDrK@lAuDDoJHuFD
7/1/14 19:40,7/1/14 20:04,231_1,1429,Customer,,NA,41.943739,-87.66402,41.911974,-87.631942,8,1,1,7/1/14 20:36,sn__Gnj}uOiB{HgDfBkEvBtBzIBvL~DGvD?vDEtDGFlWAzDpJMAuBA{BzAA|EE,kc__Gnz`vOtFEtDECaNGeNGeNIyUA_DrHuFt@o@?sBCaDIkNGwU@qFEoEEyEEaBEm@Q_A|@g@NIx@mAb@{@v@kBZo@DOFa@|AyBVa@hEuGzAqBnAwA`Aw@hAy@bB_AfDoArB]fAM|@GtA?X?F?\?bRHtAEtAKpB]~HaBx@OlMsChO_DdDc@pCc@jDu@pD_AzAe@vCcAnBy@vBcApAg@t@?`@ExDa@bCWVJXJVPZh@Lj@Dr@Bv@EXMx@Sp@Sh@wA~D[`ASbAIj@O|BPdBRdAPx@ZQ`By@|BkA
7/1/14 20:36,7/1/14 20:43,231_1,438,Subscriber,Female,1985,41.911974,-87.631942,41.92175,-87.64401,9,1,1,0,0,o|x~FrszuO{FvCeIfE_JtEuIpEe@VNp@BRBd@@pE@fABvCi@z@}HvL{AbCgF|Ha@l@@b@
7/1/14 11:13,7/1/14 11:40,248_1,1598,Customer,,NA,41.952833,-87.649993,41.940775,-87.639192,0,1,1,7/1/14 12:19,sn__Gnj}uOiB{HgDfBkEvBtBzIBvL~DGvD?vDEtDGFlWAzDpJMAuBA{BzAA|EE,s{`_Glc~uOCqCKmGc@_N\c@~@}@~AAvBErAUn@Wf@SzAy@jHuDrJwElHeDjEkB~DgBfEmBvAe@nAYl@If@o@LSZO
7/1/14 12:19,7/1/14 12:49,248_1,1813,Subscriber,Female,1985,41.940775,-87.639192,41.89691,-87.621743,1,1,1,7/1/14 14:43,sn__Gnj}uOiB{HgDfBkEvBtBzIBvL~DGvD?vDEtDGFlWAzDpJMAuBA{BzAA|EE,_q~~Fr_|uOhDkBNIx@mAb@{@v@kBZo@DOFa@|AyBVa@f@s@`DaFzAqBnAwA`Aw@hAy@bB_AfDoArB]fAM|@GtA?X?`@?xMDlCBtAEtAKpB]|IiBhAW~KcC`MkCfASdDc@pCc@jDu@pD_AzAe@vCcAnBy@vBcApAg@vKqEd@SlAa@|@Uv@ItACtC?hEKjD]zUqDpEq@xE_Az@]XQZSt@s@j@w@d@}@h@aBZ_BJeABy@NyFLy@Zq@f@i@dFuC|CgBVSj@JJlKbDABhIR?dBAN?
7/1/14 14:43,7/1/14 15:06,248_1,1420,Customer,,NA,41.89691,-87.621743,41.865212,-87.617759,2,1,1,7/1/14 15:31,sn__Gnj}uOiB{HgDfBkEvBtBzIBvL~DGvD?vDEtDGFlWAzDpJMAuBA{BzAA|EE,u~u~FlsxuOZ?CyCCiKEoJ?c@G]pCcBbDoB~FkDdDsB`@Qz@S`@EbBAvA?lB@bQOtCC^?N?`A?pACpAEn@AnBFt@Db@Hr@RTHNJh@\t@|@Xd@r@bBl@dBd@nAh@|@v@v@h@`@bAd@z@Pb@B|B@zMOzSQr^UpAB~@Td@Pn@\dA|@pAlAhCdCQv@BlB@dB?b@ZCtJuB|A]RYDG@GB_@EyC?mAWACAGKCOAu@
7/1/14 15:31,7/1/14 15:47,248_1,967,Customer,,NA,41.865212,-87.617759,41.880958,-87.616743,3,1,1,7/1/14 16:22,sn__Gnj}uOiB{HgDfBkEvBtBzIBvL~DGvD?vDEtDGFlWAzDpJMAuBA{BzAA|EE,kxo~F~ywuOB`AFLBBX@@~CaEh@_AD{@Gq@OmAe@o@a@wBuBkAgAeByAg@YeA_@{@MoACmBByFB_GBgJJ}C?_DFuJHyCFqFBsAB@e@?q@K?
7/1/14 16:22,7/1/14 16:48,248_1,1521,Customer,,NA,41.880958,-87.616743,41.891071,-87.6122,4,1,1,7/1/14 16:50,sn__Gnj}uOiB{HgDfBkEvBtBzIBvL~DGvD?vDEtDGFlWAzDpJMAuBA{BzAA|EE,_{r~FbtwuOJ?AvA{CG_@E_@KiAo@[[w@iAKYCc@CUc@cC[{A[{@[m@_@i@i@i@c@_@UMWOQWi@Gi@Is@EsADmBNuDTs@LS@SJMPWZQH]@S?uHDsDOi@AeBD?OAyCCuD
7/1/14 16:50,7/1/14 17:26,248_1,2154,Customer,,NA,41.891071,-87.6122,41.8810317,-87.62408432,5,1,1,7/1/14 17:35,sn__Gnj}uOiB{HgDfBkEvBtBzIBvL~DGvD?vDEtDGFlWAzDpJMAuBA{BzAA|EE,ozt~FfwvuOA_CsABqABDdD@j@@lCBhB?x@?JAZn@SjD?nCChEIVOHCtEIpAEh@IpCKrACpC?n@F`ATPLPXHBVJVN\Tt@|@n@lA`BpEd@~@d@p@~@x@t@`@v@Xn@Hj@@fB@?\@vH@hHF|H@pEBrDi@A
7/1/14 17:35,7/1/14 18:09,248_1,2035,Customer,,NA,41.8810317,-87.62408432,41.886875,-87.62603,6,1,1,7/1/14 18:14,sn__Gnj}uOiB{HgDfBkEvBtBzIBvL~DGvD?vDEtDGFlWAzDpJMAuBA{BzAA|EE,y{r~FlbyuOqCEiA?aC@sAD{A@aCTuELcEBoA@?P?@B|B?tC?N
7/1/14 18:14,7/1/14 18:43,248_1,1689,Subscriber,Male,1988,41.886875,-87.62603,41.936253,-87.653566,7,1,1,7/1/14 18:51,sn__Gnj}uOiB{HgDfBkEvBtBzIBvL~DGvD?vDEtDGFlWAzDpJMAuBA{BzAA|EE,o_t~FrmyuOCeH?Q?_DLOCoF?g@AmH?ME?M?S?yCIPmCJqDR}KJcDC[JmII_@EIUKm@@S?uHD_ADqFAW?sB@YI_@KoBHi@B_ATiAh@{GjE}KvGgJtFuJxFcAp@_@d@OXOd@QfAQfGKnAO~@Qp@Sp@Yl@]j@_@h@UTs@l@q@Z{A^wDr@gHhAiFx@kKzAoBRi@?cDHyABeADaCJ{@PaAVuAh@k@TuLxEuB|@yAn@}Bx@[N}@^sBj@cCp@iCf@yCh@}Df@qB^wXdGkAX]HiKpBm@DoBLkA@}NGmB?yB@w@BmAPeC`@}CjAkBfAm@d@oAbA{A`BkA|AwDzFy@jAyBfD]DkEzDk@h@HXBHL`@\hALj@H`AJzHDnEApF?nFPr]hJMnHGt@ADlFHpM@pD
7/1/14 18:51,7/1/14 19:13,248_1,1334,Subscriber,Male,1988,41.936253,-87.653566,41.915533,-87.687051,8,1,1,7/1/14 21:48,sn__Gnj}uOiB{HgDfBkEvBtBzIBvL~DGvD?vDEtDGFlWAzDpJMAuBA{BzAA|EE,wt}~Fxy~uOJtPDnNfJOzDAxAIvAGBpB@xFDjJDfNJ~M@|EDzNFpRDlF?pKFfUJhQA|@hBBb@XfLnOpA~A`AxAJ^nA?t@CZA|CEnA?tDAfAGfFIzCEvCCjOKpCIjGGvJGx@A?[^i@FI
7/1/14 21:48,7/1/14 21:55,248_1,448,Subscriber,Male,1985,41.915533,-87.687051,41.907066,-87.667252,9,1,1,0,0,esy~F|jevOnFqJ~C{FtDqG?_@CiBAeDt@uA`@s@CkAAgBIeKCmFEsFAwFEoJGiJA{F@_FzAAjGErHIfJKfA?IeA
7/1/14 12:34,7/1/14 12:41,250_1,403,Subscriber,Male,1964,41.880422,-87.642746,41.87935636,-87.62979104,0,1,1,7/1/14 13:26,sn__Gnj}uOiB{HgDfBkEvBtBzIBvL~DGvD?vDEtDGFlWAzDpJMAuBA{BzAA|EE,swr~Fju|uOW@?cBA_EEcNGqJ?cIImQAiH~BAx@CbAA|FECcH}FF@vA
7/1/14 13:26,7/1/14 13:31,250_1,256,Subscriber,Female,1980,41.87935636,-87.62979104,41.881469,-87.635177,1,1,1,7/1/14 14:43,sn__Gnj}uOiB{HgDfBkEvBtBzIBvL~DGvD?vDEtDGFlWAzDpJMAuBA{BzAA|EE,kqr~FdezuODfKFlN?nEcHBcC@
7/1/14 14:43,7/1/14 14:54,250_1,645,Subscriber,Male,1984,41.881469,-87.635177,41.886875,-87.62603,2,1,1,7/1/14 15:54,sn__Gnj}uOiB{HgDfBkEvBtBzIBvL~DGvD?vDEtDGFlWAzDpJMAuBA{BzAA|EE,e~r~Fpg{uO{A@}FJ_GB_G?mE?Ey@?u@BoD?mICgI?_EDiIA_DBsDC{@
7/1/14 15:54,7/1/14 16:02,250_1,453,Subscriber,Female,1967,41.886875,-87.62603,41.87817,-87.631985,3,1,1,7/1/14 16:03,sn__Gnj}uOiB{HgDfBkEvBtBzIBvL~DGvD?vDEtDGFlWAzDpJMAuBA{BzAA|EE,o_t~FrmyuOBz@k@D]@KDE@NRZx@Jl@B|AA|L@xPbCArFGrBEhC@rBAp@@h@@`@ANKhBOnAArDCfHE|C?t@??_A
7/1/14 16:03,7/1/14 16:11,250_1,469,Subscriber,Male,1975,41.87817,-87.631985,41.882134,-87.625125,4,1,1,7/1/14 16:20,sn__Gnj}uOiB{HgDfBkEvBtBzIBvL~DGvD?vDEtDGFlWAzDpJMAuBA{BzAA|EE,iir~FzrzuOCuLGeLUoS?e@sDFmA@qBBcCG{BCYPw@F_@AQLAlC
7/1/14 16:20,7/1/14 16:24,250_1,267,Subscriber,Male,1981,41.882134,-87.625125,41.882664,-87.63253,5,1,1,7/1/14 17:15,sn__Gnj}uOiB{HgDfBkEvBtBzIBvL~DGvD?vDEtDGFlWAzDpJMAuBA{BzAA|EE,ebs~F~gyuOFtK@dCeB??bIiA?yC@e@?sB??jH?zG?VhC@rBAzABP?
7/1/14 17:15,7/1/14 17:19,250_1,264,Subscriber,Female,1968,41.882664,-87.63253,41.882091,-87.639833,6,1,1,7/1/14 17:52,cbs~Fbc|uOyENAgF?sH|LKdA??I?M?cIImQEmQ{BB,ses~FdvzuONANKhBOBtBBtM?`HF`K@hEk@@
7/1/14 17:52,7/1/14 17:58,250_1,342,Subscriber,Male,1964,41.88131982,-87.62952092,41.882091,-87.639833,7,1,1,7/1/14 18:00,sn__Gnj}uOiB{HgDfBkEvBtBzIBvL~DGvD?vDEtDGFlWAzDpJMAuBA{BzAA|EE,o}r~FvbzuO}BBBrKFbW?`HDtGBtHk@@
7/1/14 18:00,7/1/14 18:08,250_1,466,Subscriber,Male,1968,41.882091,-87.639833,41.891,-87.645925,8,1,1,7/1/14 18:26,sn__Gnj}uOiB{HgDfBkEvBtBzIBvL~DGvD?vDEtDGFlWAzDpJMAuBA{BzAA|EE,cbs~Fbc|uOyENkJHmCB@bE@hKA~GyEH_CFS@eFDgA?K?IRg@|@uC`FQQUCiCB
7/1/14 18:26,7/1/14 18:42,250_1,913,Subscriber,Male,1980,41.891,-87.645925,41.861267,-87.656625,9,1,1,0,0,wyt~Fji}uOg@?AeCC{CzBAzBCnDDzA?|BAfDIzDKhBA@nB@vD?t@?RjAOn@Kl@CdBAD@b@Zx@?dCAP?~BMxCEdNQzFOzFQ`EUz@AbB@lAD|BDdCKNFT@fBGzAKjAKhBMtFIdC@zA@dCUlCOd@EBxC?~@F~LD|NBtI@dBZTjEnDtD|CvB|AtFpEpC@vDCz@A
7/1/14 7:43,7/1/14 7:54,257_1,654,Subscriber,Male,1957,41.925858,-87.638973,41.918216,-87.656936,0,1,1,7/1/14 10:31,sn__Gnj}uOiB{HgDfBkEvBtBzIBvL~DGvD?vDEtDGFlWAzDpJMAuBA{BzAA|EE,qs{~Fn_|uOr@A@rD?dHFhNLtYDdIL~XDvKDpFxEGzNMtTW
7/1/14 10:31,7/1/14 10:43,257_1,713,Subscriber,Female,1991,41.918216,-87.656936,41.925858,-87.638973,1,1,1,7/1/14 11:00,sn__Gnj}uOiB{HgDfBkEvBtBzIBvL~DGvD?vDEtDGFlWAzDpJMAuBA{BzAA|EE,ycz~Fho_vO^AAsFCmF?{BAwBkJJkJJwEDiLLuABAiAAuCIsOS{c@GiN?eHAsDs@@
7/1/14 11:00,7/1/14 11:10,257_1,596,Subscriber,Female,1991,41.925858,-87.638973,41.918216,-87.656936,2,1,1,7/1/14 11:10,sn__Gnj}uOiB{HgDfBkEvBtBzIBvL~DGvD?vDEtDGFlWAzDpJMAuBA{BzAA|EE,qs{~Fn_|uOr@A@rD?dHFhNLtYDdIL~XDvKDpFxEGzNMtTW
7/1/14 11:10,7/1/14 11:22,257_1,711,Customer,,NA,41.918216,-87.656936,41.915689,-87.6346,3,1,1,7/1/14 11:58,sn__Gnj}uOiB{HgDfBkEvBtBzIBvL~DGvD?vDEtDGFlWAzDpJMAuBA{BzAA|EE,ycz~Fho_vO^AAsFCmFCcJM{YOi]IkZA}Aj@_A`HuKfFcIO}@
7/1/14 11:58,7/1/14 12:36,257_1,2278,Customer,,NA,41.915689,-87.6346,41.915689,-87.6346,4,1,1,7/1/14 13:42,sn__Gnj}uOiB{HgDfBkEvBtBzIBvL~DGvD?vDEtDGFlWAzDpJMAuBA{BzAA|EE,mty~Fdb{uO
7/1/14 13:42,7/1/14 13:52,257_1,599,Subscriber,Male,1982,41.915689,-87.6346,41.903233,-87.631253,5,1,1,7/1/14 15:12,sn__Gnj}uOiB{HgDfBkEvBtBzIBvL~DGvD?vDEtDGFlWAzDpJMAuBA{BzAA|EE,mty~Fdb{uOfEwBtIsE`By@|DsBt@_@`@IzCIlHE~HI`TWdCE
7/1/14 15:12,7/1/14 15:18,257_1,363,Subscriber,Male,1976,41.903233,-87.631253,41.89680204,-87.63563839,6,1,1,7/1/14 16:32,sn__Gnj}uOiB{HgDfBkEvBtBzIBvL~DGvD?vDEtDGFlWAzDpJMAuBA{BzAA|EE,qew~FhnzuODzI~NOjUQ`ACBjC@zF@zDi@?
7/1/14 16:32,7/1/14 16:35,257_1,213,Subscriber,Male,1963,41.89680204,-87.63563839,41.897764,-87.642884,7,1,1,7/1/14 16:53,sn__Gnj}uOiB{HgDfBkEvBtBzIBvL~DGvD?vDEtDGFlWAzDpJMAuBA{BzAA|EE,_~u~Fbj{uOh@?@lEBdE@~DDtGBnHFnGwB@mBFYD
7/1/14 16:53,7/1/14 17:02,257_1,546,Subscriber,Male,1985,41.897764,-87.642884,41.882091,-87.639833,8,1,1,7/1/14 17:17,sn__Gnj}uOiB{HgDfBkEvBtBzIBvL~DGvD?vDEtDGFlWAzDpJMAuBA{BzAA|EE,{cv~F|w|uOXElBGvBAGoGl@IvHK`D?TBV?XARGv@m@JQbA{@d@[TOjD_CLSbDwBtGaFj@IApDHhCAbAhBEhDAxBIt@G|BCzAA?mA?{@?qA?kI?Wh@FVDxDLzFElBAnCCDnG@jC@rBk@@
7/1/14 17:17,7/1/14 17:25,257_1,461,Subscriber,Male,1978,41.882091,-87.639833,41.88871604,-87.64444785,9,1,1,7/1/14 17:27,sn__Gnj}uOiB{HgDfBkEvBtBzIBvL~DGvD?vDEtDGFlWAzDpJMAuBA{BzAA|EE,cbs~Fbc|uOyENkJHmCB@bE@hKA~GyEH_CFS@eFD
7/1/14 17:27,7/1/14 17:33,257_1,412,Subscriber,Male,1974,41.88871604,-87.64444785,41.879255,-87.639904,10,1,1,7/1/14 18:00,spr~Fld|uOBlF|BCzBCAoDCiJCaH?g@GmJ@_FCeH?_A,ikt~Fh`}uOdFErCIxEIxB?nGKpBCAcHAgHAeL?eI?oA\AdEC~CC|JIB|HDjG
7/1/14 18:00,7/1/14 18:12,257_1,732,Subscriber,Male,1982,41.87817,-87.631985,41.899007,-87.629928,11,1,1,7/1/14 19:39,sn__Gnj}uOiB{HgDfBkEvBtBzIBvL~DGvD?vDEtDGFlWAzDpJMAuBA{BzAA|EE,iir~FzrzuOCuLA_BsCBaFFeIFuDDcCAyFBmDHwDBqB?K?kHBiIN_SPaDDaD?}EBgCDcJFqB?
7/1/14 19:39,7/1/14 19:42,257_1,190,Subscriber,Male,1983,41.899007,-87.629928,41.89680204,-87.63563839,12,1,1,7/1/14 19:46,sn__Gnj}uOiB{HgDfBkEvBtBzIBvL~DGvD?vDEtDGFlWAzDpJMAuBA{BzAA|EE,ykv~FlezuOmBBq@BBzE?fAhBA~FEhGG@rC@`DFbQi@?
7/1/14 19:46,7/1/14 19:55,257_1,505,Subscriber,Male,1983,41.89680204,-87.63563839,41.894666,-87.638437,13,1,1,7/1/14 20:03,sn__Gnj}uOiB{HgDfBkEvBtBzIBvL~DGvD?vDEtDGFlWAzDpJMAuBA{BzAA|EE,_~u~Fbj{uOrB?~B?~CEDhP
7/1/14 20:03,7/1/14 20:21,257_1,1059,Subscriber,Male,1986,41.894666,-87.638437,41.912616,-87.681391,14,1,1,7/1/14 22:20,sn__Gnj}uOiB{HgDfBkEvBtBzIBvL~DGvD?vDEtDGFlWAzDpJMAuBA{BzAA|EE,equ~Ff{{uOCiGnBC~BAnAC\n@l@nAPt@Hx@LnP@rHDvGBtCFrOAlEGfBWfFYvESfBUnAOr@c@vAq@lBk@tA_CpGk@vAa@z@}@zB[f@oAdBaAhA{@z@}BlBoAx@qCvA{Bz@{CbAyBx@gAf@w@VuA`@}@RkC^mBJaB@}@GcG[qAA_ADaAHgAX}@XmAh@sAv@{ApAeBbBi@VoBnBuArA{AlA_An@[N_A`@?`BDpH@vBDjJLr]DpF@vFBlF?f@KNqGdLaBvCu@tA@fA
7/1/14 22:20,7/1/14 22:27,257_1,453,Subscriber,Male,1985,41.912616,-87.681391,41.922695,-87.697153,15,1,1,0,0,cay~FtgdvOBfEqBBiA?Wd@}@~Ae@|@_JzOmCnEuD~GsIlP}ClGuB|DgFvJyDvH
7/1/14 6:49,7/1/14 7:04,264_1,918,Subscriber,Male,1985,41.860204,-87.623355,41.877749,-87.649633,0,1,1,7/1/14 7:05,sn__Gnj}uOiB{HgDfBkEvBtBzIBvL~DGvD?vDEtDGFlWAzDpJMAuBA{BzAA|EE,qyn~F~|xuOJlPHvMBbE?xCmA?}B?wCAmHFiGHIKGAgBBe@B_DNq@DeA@aB?@N@|E?pER|g@BfM@v@?nAsDFsHHuHHsHFyHJiEJU?sFDDlQ@~DFhK@`F_FH
7/1/14 7:05,7/1/14 7:09,264_1,239,Subscriber,Female,1984,41.877749,-87.649633,41.878412,-87.641052,1,1,1,7/1/14 7:34,sn__Gnj}uOiB{HgDfBkEvBtBzIBvL~DGvD?vDEtDGFlWAzDpJMAuBA{BzAA|EE,}fr~Fx`~uO_@?A}AA}DGgLAaBCaMAqC}BBAkHn@A
7/1/14 7:34,7/1/14 7:40,264_1,343,Subscriber,Male,1960,41.878412,-87.641052,41.87785,-87.62408,2,1,1,7/1/14 12:00,sn__Gnj}uOiB{HgDfBkEvBtBzIBvL~DGvD?vDEtDGFlWAzDpJMAuBA{BzAA|EE,akr~Ftk|uOjAAAoDCiJCwHG_K@_FCeHCuNGeLUoSpFEN?@OBSQAe@?uBB
7/1/14 12:00,7/1/14 12:30,264_1,1798,Customer,,NA,41.87785,-87.62408,41.866095,-87.607267,3,1,1,7/1/14 12:31,sn__Gnj}uOiB{HgDfBkEvBtBzIBvL~DGvD?vDEtDGFlWAzDpJMAuBA{BzAA|EE,qgr~FfbyuOyA@?c@AqEC}K?i@R?xEK^?fFCtFG~D?vGCtTMl@A`DILLh@GtJuB|A]RYDGBQC}IG{QA{B?[]CmA?_@Cg@K_@QEuDOi`@AC
7/1/14 12:31,7/1/14 13:10,264_1,2293,Customer,,NA,41.866095,-87.607267,41.8810317,-87.62408432,4,1,1,7/1/14 14:09,sn__Gnj}uOiB{HgDfBkEvBtBzIBvL~DGvD?vDEtDGFlWAzDpJMAuBA{BzAA|EE,{~o~FpyuuOKGM@Q?IBFvOHfN@t@@nEFXJRLLH@H?z@Md@EzA?ZA?X@rA@vDFpTcFn@u@?c@Gq@OmAe@o@a@{ByBgAcAeByAg@YeA_@{@MoAC}GDuEDsB?mCDwJD_DFuJHwGHsB@sAB?n@?jF@bEBrFDjIBhF@jA?\i@A
7/1/14 14:09,7/1/14 14:23,264_1,864,Customer,,NA,41.8810317,-87.62408432,41.866095,-87.607267,5,1,1,7/1/14 15:00,sn__Gnj}uOiB{HgDfBkEvBtBzIBvL~DGvD?vDEtDGFlWAzDpJMAuBA{BzAA|EE,y{r~FlbyuOqCEiA?aC@sAD{A@aCTBmBCmB@_L?_BJ?R?rBB|BCn@B~E`@zBAh@EROxMM`GKlIGfMCzYQtEKLLLCZC`IeBpCm@V]DQ?i@CwEAeFGwP?u@sAAk@C[Eu@WACCe@AmCA{EOqY
7/1/14 15:00,7/1/14 15:26,264_1,1534,Customer,,NA,41.866095,-87.607267,41.880958,-87.616743,6,1,1,7/1/14 15:44,sn__Gnj}uOiB{HgDfBkEvBtBzIBvL~DGvD?vDEtDGFlWAzDpJMAuBA{BzAA|EE,{~o~FpyuuOKGM@Q?IBFvOHfN@t@@nEFXJRLLH@H?z@Md@EzA?ZA?X@rA@vDFpTcFn@u@?c@Gq@OmAe@o@a@{ByBgAcAeByAg@YeA_@{@MoAC}GDuEDsB?mCDwJD_DFuJHwGHsB@sAB@e@?q@K?
7/1/14 15:44,7/1/14 17:48,264_1,7448,Customer,,NA,41.880958,-87.616743,41.882134,-87.625125,7,1,1,7/1/14 17:51,sn__Gnj}uOiB{HgDfBkEvBtBzIBvL~DGvD?vDEtDGFlWAzDpJMAuBA{BzAA|EE,_{r~FbtwuOJ?AvA@dK@hHF|HDdK{BCYPw@F_@AQLAlC
7/1/14 17:51,7/1/14 17:58,264_1,426,Subscriber,Male,1961,41.882134,-87.625125,41.88338,-87.64117,8,1,1,7/1/14 18:16,sn__Gnj}uOiB{HgDfBkEvBtBzIBvL~DGvD?vDEtDGFlWAzDpJMAuBA{BzAA|EE,ebs~F~gyuOFtK@dCDX@b@FhPDfQBfHeCB{DF{BB_A?@bF@jA?R@`EBpJ?~GpEG
7/1/14 18:16,7/1/14 18:37,264_1,1237,Subscriber,Male,1982,41.88338,-87.64117,41.925905,-87.64926,9,1,1,7/1/14 18:37,sn__Gnj}uOiB{HgDfBkEvBtBzIBvL~DGvD?vDEtDGFlWAzDpJMAuBA{BzAA|EE,cjs~Frl|uOpHG@xCDzO@|EmI?}A?KEWYeA@gBFk@F_BVwA`@gC|@_CfAC@eDrBy@r@CBwArAuBdC_@d@qAzB{D|GmCfEkCxDk@`AkDvFyEnIg@`Au@hAoAdBaAhA{@z@}BlBoAx@qCvA{Bz@{CbAyBx@gAf@w@VuA`@}@RkC^mBJaB@}@GcG[qAA_ADaAHgAX}@XmAh@sAv@{ApAeBbBi@VoBnBuArA{AlA_An@[N_A`@CyG?qBA{DCiFEiFIcWCuIAkBwAB}A@q@D}CDuCBg@DyBBqE@yORkXXaEDsA@CuBA{BCqFEcNoJHoApB
7/1/14 18:37,7/1/14 18:57,264_1,1165,Subscriber,Male,1982,41.925905,-87.64926,41.973385,-87.668365,10,1,1,7/1/14 20:42,sn__Gnj}uOiB{HgDfBkEvBtBzIBvL~DGvD?vDEtDGFlWAzDpJMAuBA{BzAA|EE,ys{~Fp_~uOkG|JiGlJgDlFkGxJgHtKa@l@a@p@kBxCeNdTeLlQaBlCaElGsBxCwLNcHFwGDu@@_@KgFBcC@kJLkJHqUPySNcXV_}@p@sHDiABA_B?uA@[?M
7/1/14 20:42,7/1/14 21:10,264_1,1660,Customer,,NA,41.973385,-87.668365,41.955927,-87.679259,11,1,1,7/1/14 22:38,sn__Gnj}uOiB{HgDfBkEvBtBzIBvL~DGvD?vDEtDGFlWAzDpJMAuBA{BzAA|EE,{|d_GfvavOAjA@rCAZ~FCdQOjJItUSjJGdJI~LIhJMbJK@pHHpK?fFDhGHlQ@dCYTwCnBmDpBCqC
7/1/14 22:38,7/1/14 22:49,264_1,647,Subscriber,Male,1964,41.955927,-87.679259,41.954245,-87.654406,12,1,1,7/1/14 23:28,sn__Gnj}uOiB{HgDfBkEvBtBzIBvL~DGvD?vDEtDGFlWAzDpJMAuBA{BzAA|EE,{oa_GjzcvOBpClDqBvCoBXURAAaJKwRG_UEeGKg@AcACgOCkMKoWI}TGyHr@?
7/1/14 23:28,7/1/14 23:45,264_1,1026,Customer,,NA,41.954245,-87.654406,41.954245,-87.654406,13,1,1,0,0,_ea_Gz__vO
7/1/14 4:26,7/1/14 4:46,265_1,1236,Customer,,NA,41.939365,-87.668385,41.897764,-87.642884,0,1,1,7/1/14 6:09,sn__Gnj}uOiB{HgDfBkEvBtBzIBvL~DGvD?vDEtDGFlWAzDpJMAuBA{BzAA|EE,kh~~FxuavOdCuDzBkDl@gAbJoNbJmNbHuKpA{BjIcMdHcLxEmHvHoL|DoG`LaQdAiBxEkH|@{A^?J?lTYtUWhJMxLEzGMfII|VQ`MSnJGnJI
7/1/14 6:09,7/1/14 6:15,265_1,334,Subscriber,Male,1974,41.897764,-87.642884,41.897448,-87.628722,1,1,1,7/1/14 8:21,sn__Gnj}uOiB{HgDfBkEvBtBzIBvL~DGvD?vDEtDGFlWAzDpJMAuBA{BzAA|EE,{cv~F|w|uOXElBGvBAGoGIeQA_ECeEEeSGaMAcHEyE?aBqA?uAB?`B
7/1/14 8:21,7/1/14 8:37,265_1,979,Subscriber,Male,1981,41.897448,-87.628722,41.884451,-87.629892,2,1,1,7/1/14 12:15,_qs~FxezuO?fOCxGBfHBxH?dBDpI@r^@dG?T?f@[?{AByAPuBXKASGyAf@]L_CfAC@eDrBy@r@CBUTaA|@uBdCcAzAcElHe@t@mCfEkCxDk@`AuCvEuAbCmDlGS^u@hAoAdBaAhA{@z@}BlBoAx@qCvAeE|AsC`Aw@XgAf@mCx@}@RkC^mBJaB@uBOkESqAAaCNgAX}@XmAh@sAv@{ApAeBbBi@VeEbEgCnBo@\_A`@?`BDpH@~FFvMDlNJbN@vFBlFD~FDxJDxI~EG|LKz@A@jB,qbv~Fn~yuO?aBv@AnBAhGG~POtFGpHIdDCVP`ABxBAjCGz@CH?bBAfBCTKnDEv@?@tH?vA
7/1/14 12:15,7/1/14 12:38,265_1,1384,Customer,,NA,41.906717,-87.682779,41.911722,-87.626804,3,1,1,7/1/14 13:17,sn__Gnj}uOiB{HgDfBkEvBtBzIBvL~DGvD?vDEtDGFlWAzDpJMAuBA{BzAA|EE,a|w~FjpdvO?dC{RT}AAAoFEyIEyJE_GCmFAwFKcNMe]Km\AmHCiFEiFIcWCuISm`@EeLAgCIoJHk@CoFEuFAaNGiNEwNEqB{EBaBAQAQGKKOe@[{@G[Ks@Cc@Aa@Bm@HuABMRoAV_Ab@oAt@kB\{@VkALuA?iAGeAQy@Om@VUrAk@RI
7/1/14 13:17,7/1/14 13:33,265_1,928,Customer,,NA,41.911722,-87.626804,41.891071,-87.6122,4,1,1,7/1/14 16:48,ozt~FfwvuOA_CsABqABDdD@j@@lCBhB?x@?JAZn@SjD?nCChEIVOHCtEIpAEh@IpCKrACpC?n@F`ATPLPXHBVJVN\Tt@|@n@lA`BpEd@~@d@p@~@x@t@`@v@Xn@Hj@@fB@?o@@wAK?,s{x~FfqyuOuAj@QH@]@YJS^Wd@MvB]JAv@I|@S`@CfDGjAKvDe@dUkDrDm@nCk@dAWdAk@h@e@d@g@p@eAh@qA`@}APuAFmADcBLoDLo@Pc@PWh@c@rFaDpFeDxEoCvFgDjHiEdDuBpAu@XBP@b@EnBAfAEn@SpB??O?]?QAiDCuD
7/1/14 16:48,7/1/14 17:58,265_1,4217,Customer,,NA,41.880958,-87.616743,41.89257,-87.614492,5,1,1,7/1/14 18:00,sn__Gnj}uOiB{HgDfBkEvBtBzIBvL~DGvD?vDEtDGFlWAzDpJMAuBA{BzAA|EE,_{r~FbtwuOJ?AvA{CG_@E_@KiAo@[[w@iA_@y@a@wAo@eCc@kAc@s@o@u@w@q@YMe@Oa@Iq@IoADeCNwE\aAHUBsBFiDBiA@yBE_AE{C?sBD_A?yCL_ATiAh@{GjE}KvGR~@@xE@pAAqAAyEG]n@_@fC}AjHiEdDuBpAu@XBP@b@Ep@A
7/1/14 18:00,7/1/14 18:18,265_1,1078,Subscriber,Male,1975,41.89257,-87.614492,41.925858,-87.638973,6,1,1,7/1/14 18:31,sn__Gnj}uOiB{HgDfBkEvBtBzIBvL~DGvD?vDEtDGFlWAzDpJMAuBA{BzAA|EE,qcu~F`ewuO|@?fAEn@SpB??O?]?QyBAMIWYoC?]Fi@Je@R]TQVIXyA`AaC|AmDtB_MpHqRbLi@b@]f@Qb@K`@MlASvGOhAOx@g@xAc@z@[d@[\c@^o@d@y@VuFhA_JtAmK`BiEj@gBNkABqDDeAFs@@}@DeAJu@PqAb@m@TkMdFuAh@mClA}Bx@QJUHeBl@cEhAcHpAwFv@{FnAsJrBs@OcB?uB@a@@_@JN~A@DVdCX`DZ|DHvBDtLF`IDfE?RM?e@@
7/1/14 18:31,7/1/14 19:06,265_1,2071,Customer,,NA,41.925858,-87.638973,41.88131982,-87.62952092,7,1,1,7/1/14 19:10,sn__Gnj}uOiB{HgDfBkEvBtBzIBvL~DGvD?vDEtDGFlWAzDpJMAuBA{BzAA|EE,qs{~Fn_|uOr@AEiEEiHEiFAyFEsAc@{FUcCPEpAm@nBmAtAm@FIFSnCk@`MkCfASdDc@pCc@jDu@pD_AzAe@vCcAnBy@vBcApAg@vKqEVKLGlAa@|@Uv@ItACtC?hEKjD]zUqDpEq@xE_Az@]XQZSt@s@j@w@d@}@h@aBZ_BJeABy@NyFLy@Zq@f@i@dFuCnLcHfGqDbDoB~FkDdDsB`@Qz@S`@EbBAvA?lB@bDCfNMpAAj@?`A?pACpAEn@AnBFt@Db@Hr@RTHHFDBh@\t@|@Xd@r@bBl@dBd@nAh@|@v@v@h@`@bAd@z@Pb@B|B@zMOZ@?\DfIDtFBxN@pE?b@sDFcA@?b@HnJJdR}FD{BB
7/1/14 19:10,7/1/14 19:17,265_1,433,Subscriber,Male,1964,41.88131982,-87.62952092,41.871962,-87.626106,8,1,1,7/1/14 19:52,sn__Gnj}uOiB{HgDfBkEvBtBzIBvL~DGvD?vDEtDGFlWAzDpJMAuBA{BzAA|EE,o}r~FvbzuO}BB@fHpDIpECx@C`IGxFGlFA\C?eCAcDEiJGiBEiDvACv@?\?|BCrJGbAA
7/1/14 19:52,7/1/14 19:56,265_1,216,Subscriber,Male,1964,41.871962,-87.626106,41.867227,-87.625961,9,1,1,7/1/14 23:06,sn__Gnj}uOiB{HgDfBkEvBtBzIBvL~DGvD?vDEtDGFlWAzDpJMAuBA{BzAA|EE,wbq~F`myuOxGE`GExFKbBBf@CN?
7/1/14 23:06,7/1/14 23:35,265_1,1706,Subscriber,Female,1984,41.867227,-87.625961,41.90332,-87.67273,10,1,1,0,0,eep~FhlyuO]@Y@?d@@zCBhC?xEDvEBxCmDDmBB_AAQ?MNaHBqEDyOLD`K@vAqBB{B@ClGCfFBrNDjK@bFDlD@rBGNKz@I~BIt@G`@]bAW`@[\o@d@g@TmCr@y@Rw@@{FEMBMHsABgCBiA@}E@cHDkCDmDHk@FmAP}@TuC`A]L_CfAC@eDrBy@r@CBUTaA|@uBdCcAzAcElHe@t@mCfEkCxDk@`AuCvEuAbCmDlGS^u@hAoAdBaAhA{@z@}BlBoAx@qCvAeE|AsC`Aw@Xg@VEEAAEAK@u@TyA`@_ALWBcCF{BFcA@aA@@nA@d@JtV@fIFtKH`X
7/1/14 6:20,7/1/14 6:27,273_1,382,Subscriber,Male,1975,41.894556,-87.653449,41.88338,-87.64117,0,1,1,7/1/14 7:19,sn__Gnj}uOiB{HgDfBkEvBtBzIBvL~DGvD?vDEtDGFlWAzDpJMAuBA{BzAA|EE,}ou~Fvy~uOgBBjAsBjAuBhGwKzByDjA}B|CmF~DCTLD?lAA`CC`CCfBAhBENM~AA?mB?uA?G?}CEaQ@cH|EGnMO
7/1/14 7:19,7/1/14 7:25,273_1,329,Subscriber,Male,1981,41.88338,-87.64117,41.881487,-87.654752,1,1,1,7/1/14 7:51,sn__Gnj}uOiB{HgDfBkEvBtBzIBvL~DGvD?vDEtDGFlWAzDpJMAuBA{BzAA|EE,cjs~Frl|uOpHG@xCDzO@|EB`INh\DhM@bA`@?
7/1/14 7:51,7/1/14 7:58,273_1,410,Subscriber,Female,1981,41.881487,-87.654752,41.8807,-87.63947,2,1,1,7/1/14 11:40,sxr~Fta|uOGaO?iFC_K`GGvF?~IOfCGZ?@sBEyMAiEC}KO_IAmJL}EAsC?u@CyEFOJUHOLKFIzCCd@?xC?vGCtTMl@A`DILLLCA\?nBBdHB`A,i~r~Fx`_vOdCCzACGsOCgFKsMEgM?kBE_RGwR
7/1/14 11:40,7/1/14 12:03,273_1,1333,Customer,,NA,41.867888,-87.623041,41.880958,-87.616743,3,1,1,7/1/14 12:39,_{r~FbtwuOJ?AvA{CG_@E_@KiAo@[[w@iA_@y@a@wAo@eCc@kAc@s@o@u@w@q@YMe@Oa@Iq@IoADeCNwE\aAHUBsBFiDBiA@yBE_AE{C?sBD_A?yCL_ATiAh@{GjE}KvGgJtFuJxFcAp@_@d@OXOd@QfAQfGKnAO~@Qp@Sp@Yl@]j@_@h@UTs@l@q@Z{A^wDr@gHhAiFx@kKzAoBRi@?cDHyABeADaCJ{@PaAVuAh@MDsMhFuB|@yAn@}Bx@[N}@^sBj@cCp@iCf@yCh@}Df@qB^uN~CaARs@OwD?m@@u@LBZ,egp~FzzxuODjEyGCsEByB@mDF}HFS??]CuGCmDCoGEaQ?wAmCDwJD_DFuJHwGHsB@sAB@e@?q@K?
7/1/14 12:39,7/1/14 12:59,273_1,1182,Customer,,NA,41.926277,-87.630834,41.926277,-87.630834,4,1,1,7/1/14 13:00,sn__Gnj}uOiB{HgDfBkEvBtBzIBvL~DGvD?vDEtDGFlWAzDpJMAuBA{BzAA|EE,wu{~FpkzuO
7/1/14 13:00,7/1/14 13:23,273_1,1380,Customer,,NA,41.926277,-87.630834,41.907993,-87.631501,5,1,1,7/1/14 13:54,sn__Gnj}uOiB{HgDfBkEvBtBzIBvL~DGvD?vDEtDGFlWAzDpJMAuBA{BzAA|EE,wu{~FpkzuORlB?BP|APEpAm@nBmAtAm@FIFSnCk@`MkCfASdDc@pCc@jDu@pD_AzAe@vCcAnBy@vBcApAg@t@?`@ExDa@bCWVJXJVPZh@Lj@Dr@Bv@EXMx@Sp@Sh@GPoAlD[`ASbAIj@O|BPdBRdAPx@ZQ`By@|DsBt@_@`@IzCIlHEnDC
7/1/14 13:54,7/1/14 14:12,273_1,1071,Subscriber,Male,1971,41.907993,-87.631501,41.884078,-87.648684,6,1,1,7/1/14 15:20,sn__Gnj}uOiB{HgDfBkEvBtBzIBvL~DGvD?vDEtDGFlWAzDpJMAuBA{BzAA|EE,}cx~FlpzuO^?JvBNzC@Z|GGbB?vJMhBAxEC~FIxWSpGGbNKB`QB`H\n@l@nAHXLt@J~FDlG@tJHbLDdM@vAIf@Aj@KtCW~EE~@IfAUhC]tBiAxGm@rDAbAF~@Rx@Zr@d@j@j@Vl@Lf@C^Ih@Y`@c@\w@RcADy@I_DCaA@w@J_ANu@Tm@^s@Zu@Rk@Li@`@q@jC}ExAgCdA{AzE}ETUjC_BDCxAw@f@S^OpAWZNJ?dA?jCFtA@NRBJF^BnJ~@?
7/1/14 15:20,7/1/14 15:43,273_1,1349,Subscriber,Female,1986,41.884078,-87.648684,41.871962,-87.626106,7,1,1,7/1/14 17:31,sn__Gnj}uOiB{HgDfBkEvBtBzIBvL~DGvD?vDEtDGFlWAzDpJMAuBA{BzAA|EE,ons~Fvz}uOyHFE_M?c@?IAOd@GbAOb@EtBCN@d@Z~DA`ACnAI|BCbGKtFIb@Lf@BrCRfBEj@E|@C^Al@EZBTJTZ^`AR\XXTHRDP?XCh@_@NSPe@Fw@E}@i@kFIiBG]CMCcB?kBAaAEcN@gAGyFEmM@sCFwE?aOKeZGiBEiDvACv@?\?|BCrJGbAA
7/1/14 17:31,7/1/14 17:55,273_1,1432,Customer,,NA,41.871962,-87.626106,41.911722,-87.626804,8,1,1,7/1/14 19:07,sn__Gnj}uOiB{HgDfBkEvBtBzIBvL~DGvD?vDEtDGFlWAzDpJMAuBA{BzAA|EE,wbq~F`myuOqCDsA?ImI?}@CuGCmDCoGEaQ?wAmCDwJD_DFuJHwGHsB@qD?oAG[G_@MkAu@UW]g@[q@[q@a@yAS{@c@{Ae@cAe@q@q@o@k@a@]Ma@Kq@Mm@CaETcF^w@FeAFiBD_D@eB?uBG_@CgC@sCD[?sCLSB_AV_@PuBrAaC|AmDtB_MpHqRbLi@b@]f@Qb@K`@MlASvGOhAOx@g@xAc@z@[d@[\c@^o@d@y@VuFhA_JtAmK`BiEj@gBNkABqDDeAFWQQG{AWyAOw@?iARc@NIFs@dAvArAVXZ`@d@|@f@a@fBu@
7/1/14 19:07,7/1/14 19:37,273_1,1766,Subscriber,Male,1988,41.911722,-87.626804,41.911722,-87.626804,9,1,1,7/1/14 19:38,sn__Gnj}uOiB{HgDfBkEvBtBzIBvL~DGvD?vDEtDGFlWAzDpJMAuBA{BzAA|EE,s{x~FfqyuO
7/1/14 19:38,7/1/14 20:03,273_1,1488,Subscriber,Male,1987,41.911722,-87.626804,41.930584,-87.685126,10,1,1,7/1/14 22:24,sn__Gnj}uOiB{HgDfBkEvBtBzIBvL~DGvD?vDEtDGFlWAzDpJMAuBA{BzAA|EE,s{x~FfqyuOuAj@i@^OJJf@PfAF`BMlAMx@Sp@Sh@wA~D[`ASbAIj@O|BPdBRdAPx@HPP\\TdADhGA@fQJvUBfNDpFLj@DhCDlH@vCD|LHzPJzVJxYDnG@`EDnMkB~@mAx@yAjAcBjA[^wDjBuFpC}@f@{@l@c@X}AfAsE`FoCnDyAbCcDxG_HvNiDlHeGhMQZQHMHsBtD}BnDc@|@qB`EeDlHwAtD{AfDsHhNSL{@?[g@gAyAsAeByDgF[a@
7/1/14 22:24,7/1/14 22:29,273_1,314,Subscriber,Female,1982,41.930584,-87.685126,41.931931,-87.677856,11,1,1,0,0,mq|~Fl_evOsD}EOIMIg@AaAA@a@C{BAoDGmTCmCr@}@HK
7/1/14 7:35,7/1/14 7:53,287_1,1100,Subscriber,Male,1990,41.9406,-87.6785,41.897764,-87.642884,0,1,1,7/1/14 8:40,sn__Gnj}uOiB{HgDfBkEvBtBzIBvL~DGvD?vDEtDGFlWAzDpJMAuBA{BzAA|EE,yo~~FttcvOhBCdBA`ADtBCfHKbRQnIIZBjAEnBPfDRv@@vBIfEY`EE`J_@jGKlFKjCE|AAh@Ap@?`AA?kBV[z@iBh@kAr@uBTq@hAkC\cA?EAUh@eAbH}NbAiBdCmDzBgCbB_Bh@g@xB{AfBaAtBiA`PeI~CkB~@g@j@[xAaAhAaArAwAlFoGdAaAdAs@`Ag@z@]~@Yt@Mp@KHLHBXBv@DtAT~Ch@`@F`@@CuBCiGGmP?mHImGIqRGaQCmDAwBrA}@hJoHtFeEEGKMKWGo@AU?WzCAnJI
7/1/14 8:40,7/1/14 8:58,287_1,1065,Subscriber,Male,1983,41.897764,-87.642884,41.8810317,-87.62408432,1,1,1,7/1/14 9:53,sn__Gnj}uOiB{HgDfBkEvBtBzIBvL~DGvD?vDEtDGFlWAzDpJMAuBA{BzAA|EE,{cv~F|w|uOXElBGvBAGoGl@IvHK`D?TBV?XARGv@m@JQbA{@d@[TOjD_CLSbDwBIiMGgQEwNI{TCaGGuKAaACo@L?vAC\AfA@d@DjFv@|@JP@?u@?w@BsCHmAPwBb@gDJyABm@p@@^?~@Bb@?bDAfJErADjCC`A?tBNxBRlBA\?DtF?xCDpF?\i@A
7/1/14 9:53,7/1/14 10:38,287_1,2732,Customer,,NA,41.8810317,-87.62408432,41.891071,-87.6122,2,1,1,7/1/14 10:53,sn__Gnj}uOiB{HgDfBkEvBtBzIBvL~DGvD?vDEtDGFlWAzDpJMAuBA{BzAA|EE,y{r~FlbyuOqCEiA?aC@sAD{A@aCTBmBCmB@_L?mB?KE?o@?qF@e@Dm@?oCAyCIPmCJqDR}KJcDC[JmII_@EIUKm@@S?uHDsDOi@AeBD?OEoI
7/1/14 10:53,7/1/14 11:31,287_1,2249,Customer,,NA,41.891071,-87.6122,41.911722,-87.626804,3,1,1,7/1/14 12:57,s{x~FfqyuOuAj@i@^_@w@c@q@iAeAg@a@KNiAPUHyCdCwAfAc@TCHALKDcA`@mClA}Bx@QJUHeBl@cEhAcHpAwFv@{FnAsJrBs@OcB?uB@a@@_@JN~A@DVdCX`DZ|DHvBDtLF`IDfE?RM?e@@,ozt~FfwvuOA_CsABqABDdD@j@@lCSv@WV_B@]FK@cA\]TQVIXyA`AaC|AmJvFsS`MqF`Dc@d@a@x@S|@Ep@KjEGjAOhAa@dBUl@c@z@[d@[\c@^o@d@y@VuE`AuGbAyEv@}LfBaBPo@DkABqDDeAF_@UeB[yAOw@?iARc@NIFYb@Y`@|@z@p@p@Z`@d@|@f@a@rAk@RI
7/1/14 12:57,7/1/14 13:24,287_1,1631,Subscriber,Male,1960,41.925858,-87.638973,41.880958,-87.616743,4,1,1,7/1/14 14:39,_{r~FbtwuOJ?AvA{CG_@E_@KiAo@[[w@iAKYCc@CUc@cC[{A[{@[m@_@i@i@i@c@_@UMWOQWi@Gi@Is@EsADmBNuDTs@LS@SJMPWZQH]@S?uHDsDOi@AeBD?OAyCCuD,qs{~Fn_|uOr@AEiEEiHEiFAyFEsAc@{FUcCPEpAm@nBmAtAm@FIFSnCk@`MkCfASdDc@pCc@jDu@pD_AzAe@vCcAnBy@vBcApAg@vKqEVKLGlAa@|@Uv@ItACtC?hEKjD]zUqDpEq@xE_Az@]XQZSt@s@j@w@d@}@h@aBZ_BJeABy@NyFLy@Zq@f@i@dFuCnLcHfGqDbDoB~FkDdDsB`@Qz@S`@EbBAvA?lB@bDCfNMpAAj@?`A?pACpAEn@AnBFt@Db@Hr@RTHHFDBh@\t@|@Xd@r@bBl@dBd@nAh@|@v@v@h@`@bAd@z@Pb@B|B@@uA?q@K?
7/1/14 14:39,7/1/14 15:10,287_1,1858,Customer,,NA,41.891071,-87.6122,41.891071,-87.6122,5,1,1,7/1/14 16:01,sn__Gnj}uOiB{HgDfBkEvBtBzIBvL~DGvD?vDEtDGFlWAzDpJMAuBA{BzAA|EE,ozt~FfwvuO
7/1/14 16:01,7/1/14 16:31,287_1,1794,Customer,,NA,41.891071,-87.6122,41.90096039,-87.62377664,6,1,1,7/1/14 16:48,sn__Gnj}uOiB{HgDfBkEvBtBzIBvL~DGvD?vDEtDGFlWAzDpJMAuBA{BzAA|EE,ozt~FfwvuOA_CsABqABDdD@j@@lCSv@WV_B@]FK@cA\]TQVIXyA`AaC|AmJvFoBjAJ`@F\WNYPA?sBtA}EpC{J~Fa@\OZCZXbU@V
7/1/14 16:48,7/1/14 16:57,287_1,490,Subscriber,Male,1968,41.90096039,-87.62377664,41.89257,-87.614492,7,1,1,7/1/14 17:46,sn__Gnj}uOiB{HgDfBkEvBtBzIBvL~DGvD?vDEtDGFlWAzDpJMAuBA{BzAA|EE,cwv~Fp_yuO[mU@[F[NUNMdHcEzCiBbDkB`BgARMBAl@_@@xE@pAAqAAyEG]n@_@fC}AjHiEdDuBpAu@XBP@b@Ep@A
7/1/14 17:46,7/1/14 17:55,287_1,575,Subscriber,Male,1972,41.89257,-87.614492,41.896544,-87.630931,8,1,1,7/1/14 18:02,sn__Gnj}uOiB{HgDfBkEvBtBzIBvL~DGvD?vDEtDGFlWAzDpJMAuBA{BzAA|EE,qcu~F`ewuO|@?l@NNLJL@nBHtNBbE@vDAzBFhNBlF@|@BpFBfEDhH@nG@tAaDB_IJ{H?}BDmAB?vA@~B
7/1/14 18:02,7/1/14 18:13,287_1,648,Subscriber,Female,1982,41.896544,-87.630931,41.911722,-87.626804,9,1,1,0,0,a}u~FhlzuO@rE@`CgGFgLJ}IHiONaQNmHJcJDuBBiF@qAAKAQKII_@mAQs@K_ACq@HkBJ{@Z{AdAwCj@{A\gATwAD_AAgAIu@_@}Ah@_@tAk@
7/1/14 6:14,7/1/14 6:31,291_1,1003,Subscriber,Male,1976,41.899643,-87.6677,41.881469,-87.635177,0,1,1,7/1/14 8:00,sn__Gnj}uOiB{HgDfBkEvBtBzIBvL~DGvD?vDEtDGFlWAzDpJMAuBA{BzAA|EE,apv~FbravOYwg@Cg@\i@ZIdBcAdCsAz@c@P]bCcAbB}@bBkArAoA`AeAz@eAj@_A|BgEFKfAmBtCyEtBgDn@iAz@eBr@uArC}EbAeBn@iA`B{ChAmBd@s@jAsAnCqCj@i@nDyBfBw@v@UhB]nAOfBGtFIvCAn@CXFrAHtD\~APjAH?eB?mAEeTOy`@?_HaC@g@?
7/1/14 8:00,7/1/14 8:06,291_1,327,Subscriber,Male,1987,41.881469,-87.635177,41.882242,-87.641066,1,1,1,7/1/14 8:06,sn__Gnj}uOiB{HgDfBkEvBtBzIBvL~DGvD?vDEtDGFlWAzDpJMAuBA{BzAA|EE,e~r~Fpg{uO{A@}FJ_GBB~KDpI?dLtLM
7/1/14 8:06,7/1/14 8:11,291_1,269,Subscriber,Female,1962,41.882242,-87.641066,41.88583274,-87.64138231,2,1,1,7/1/14 8:11,sn__Gnj}uOiB{HgDfBkEvBtBzIBvL~DGvD?vDEtDGFlWAzDpJMAuBA{BzAA|EE,_cs~Fll|uOlAA?`BBdEuNLiDLcG?aA?@cHbEE
7/1/14 8:11,7/1/14 8:17,291_1,350,Subscriber,Male,1971,41.88583274,-87.64138231,41.875885,-87.640795,3,1,1,7/1/14 8:35,sn__Gnj}uOiB{HgDfBkEvBtBzIBvL~DGvD?vDEtDGFlWAzDpJMAuBA{BzAA|EE,mys~Fdm|uO~[]~B@|FM|BCpIKj@AAaB?gCbDOD?B@DFBbE
7/1/14 8:35,7/1/14 8:39,291_1,265,Subscriber,Male,1968,41.875885,-87.640795,41.8807,-87.63947,4,1,1,7/1/14 8:43,sn__Gnj}uOiB{HgDfBkEvBtBzIBvL~DGvD?vDEtDGFlWAzDpJMAuBA{BzAA|EE,}zq~F|i|uOFrI{LL}FD{FF?cBA_ECcGAoA
7/1/14 8:43,7/1/14 8:58,291_1,920,Subscriber,Male,1965,41.8807,-87.63947,41.88389277,-87.62464914,5,1,1,7/1/14 10:40,sn__Gnj}uOiB{HgDfBkEvBtBzIBvL~DGvD?vDEtDGFlWAzDpJMAuBA{BzAA|EE,sxr~Fta|uOGaO?iFKq]CcH{@@cCBuDDcCA@kKAuAAgA?iGCyE{A@aCTO@I@Ab@nACj@?
7/1/14 10:40,7/1/14 10:53,291_1,784,Customer,,NA,41.88389277,-87.62464914,41.891071,-87.6122,6,1,1,7/1/14 11:14,sn__Gnj}uOiB{HgDfBkEvBtBzIBvL~DGvD?vDEtDGFlWAzDpJMAuBA{BzAA|EE,ims~FjdyuO|BC?w@{A@aCTBmBCmB@_L?mB?KE?o@?qF@e@D{CA{DIPmCFoCLgFHwEJcDC[JmII_@EIUKm@@S?uHDsDOi@AeBD?OEoI
7/1/14 11:14,7/1/14 11:42,291_1,1698,Customer,,NA,41.891071,-87.6122,41.911974,-87.631942,7,1,1,7/1/14 14:36,o|x~FrszuOgExBWJSk@K_@ESK_ACq@HkBJ{@Z{AdAwCj@{A\gATwAD_AAgAIu@_@}Ah@_@tAk@,ozt~FfwvuOA_CsABqABDdD@j@@lCSv@WV_B@]FK@cA\]TQVIXyA`AaC|AmJvFsS`MqF`Dc@d@a@x@S|@Ep@KjEGjAOhAa@dBUl@c@z@[d@[\c@^o@d@y@VuE`AuGbAyEv@}LfBaBPo@DkABqDDeAF_@UeB[yAOw@?iARc@NIFYb@Y`@|@z@p@p@Z`@d@|@RfALfABrAQlAS`AOb@Ob@KTk@zAs@xBa@rBE^G~@Ch@Ft@PpA\|AzFwC
7/1/14 14:36,7/1/14 14:46,291_1,606,Customer,,NA,41.911722,-87.626804,41.912202,-87.634664,8,1,1,7/1/14 16:00,sn__Gnj}uOiB{HgDfBkEvBtBzIBvL~DGvD?vDEtDGFlWAzDpJMAuBA{BzAA|EE,s{x~FfqyuOuAj@i@^OJJf@PfAF`BMlAMx@Sp@Sh@wA~D[`ASbAIj@O|BPdBRdAPx@HPP\\TdADhGA@fHgED
7/1/14 16:00,7/1/14 16:12,291_1,728,Subscriber,Female,1962,41.912202,-87.634664,41.932225,-87.658617,9,1,1,7/1/14 18:15,sn__Gnj}uOiB{HgDfBkEvBtBzIBvL~DGvD?vDEtDGFlWAzDpJMAuBA{BzAA|EE,g~x~Fbd{uOgONgCBiEzG_I|LsKrP{AbCgF|H_BhCyEjHeAhByCnEgGpJ}DnGwHnLyElHeHbLkIbMQZbAA
7/1/14 18:15,7/1/14 18:22,291_1,440,Subscriber,Male,1973,41.932225,-87.658617,41.931931,-87.677856,10,1,1,7/1/14 19:24,sn__Gnj}uOiB{HgDfBkEvBtBzIBvL~DGvD?vDEtDGFlWAzDpJMAuBA{BzAA|EE,k{|~Fxy_vO|MOrDCHhNFxM@lJ@zBDLA`FD|EDzNDvNDtCaAhA]^iDlEiK~L
7/1/14 19:24,7/1/14 19:51,291_1,1607,Customer,,NA,41.931931,-87.677856,41.94367,-87.64895,11,1,1,0,0,{y|~FbqcvO}@hA[CoIHcRP}KNaAEeB@gGNE}ZIoPEeNQi]GkVGqMKmYEmNCoMMwV?eBkA@mBDgB|@iAj@FjMDbI